OID_,Value,Count,,30
1,30,1,,97
2,97,1,,99
3,99,1,,100
4,100,1,,102
5,102,1,,104
6,104,2,,104
8,105,4,,105
12,106,3,,105
15,107,4,,105
19,108,6,,105
25,109,16,,106
41,110,7,,106
48,111,11,,106
59,112,12,,107
71,113,13,,107
84,114,12,,107
96,115,25,,107
121,116,30,,108
151,117,24,,108
175,118,25,,108
200,119,45,,108
245,120,35,,108
280,121,43,,108
323,122,38,,109
361,123,46,,109
407,124,61,,109
468,125,66,,109
534,126,79,,109
613,127,71,,109
684,128,67,,109
751,129,82,,109
833,130,65,,109
898,131,79,,109
977,132,60,,109
1037,133,69,,109
1106,134,56,,109
1162,135,55,,109
1217,136,54,,109
1271,137,60,,109
1331,138,71,,110
1402,139,57,,110
1459,140,50,,110
1509,141,41,,110
1550,142,52,,110
1602,143,46,,110
1648,144,59,,110
1707,145,52,,111
1759,146,35,,111
1794,147,45,,111
1839,148,46,,111
1885,149,43,,111
1928,150,51,,111
1979,151,61,,111
2040,152,52,,111
2092,153,59,,111
2151,154,52,,111
2203,155,38,,111
2241,156,54,,112
2295,157,37,,112
2332,158,53,,112
2385,159,43,,112
2428,160,52,,112
2480,161,35,,112
2515,162,43,,112
2558,163,42,,112
2600,164,43,,112
2643,165,51,,112
2694,166,45,,112
2739,167,52,,112
2791,168,46,,113
2837,169,34,,113
2871,170,36,,113
2907,171,40,,113
2947,172,32,,113
2979,173,21,,113
3000,174,40,,113
3040,175,27,,113
3067,176,30,,113
3097,177,21,,113
3118,178,20,,113
3138,179,12,,113
3150,180,14,,113
3164,181,15,,114
3179,182,26,,114
3205,183,13,,114
3218,184,16,,114
3234,185,17,,114
3251,186,15,,114
3266,187,20,,114
3286,188,16,,114
3302,189,13,,114
3315,190,18,,114
3333,191,14,,114
3347,192,13,,114
3360,193,4,,115
3364,194,20,,115
3384,195,20,,115
3404,196,19,,115
3423,197,18,,115
3441,198,14,,115
3455,199,13,,115
3468,200,22,,115
3490,201,15,,115
3505,202,17,,115
3522,203,16,,115
3538,204,13,,115
3551,205,18,,115
3569,206,13,,115
3582,207,15,,115
3597,208,18,,115
3615,209,24,,115
3639,210,25,,115
3664,211,24,,115
3688,212,29,,115
3717,213,26,,115
3743,214,26,,115
3769,215,43,,115
3812,216,34,,115
3846,217,35,,115
3881,218,31,,116
3912,219,37,,116
3949,220,62,,116
4011,221,54,,116
4065,222,63,,116
4128,223,70,,116
4198,224,55,,116
4253,225,74,,116
4327,226,101,,116
4428,227,121,,116
4549,228,114,,116
4663,229,121,,116
4784,230,144,,116
4928,231,141,,116
5069,232,153,,116
5222,233,220,,116
5442,234,222,,116
5664,235,213,,116
5877,236,214,,116
6091,237,211,,116
6302,238,146,,116
6448,239,170,,116
6618,240,106,,116
6724,241,71,,116
6795,242,47,,116
6842,243,32,,116
6874,244,21,,116
6895,245,19,,116
6914,246,23,,116
6937,247,21,,116
6958,248,9,,117
6967,249,11,,117
6978,250,12,,117
6990,251,8,,117
6998,252,9,,117
7007,253,14,,117
7021,254,4,,117
7025,255,2,,117
7027,256,7,,117
7034,257,4,,117
7038,258,7,,117
7045,259,5,,117
7050,260,4,,117
7054,261,6,,117
7060,262,6,,117
7066,263,8,,117
7074,264,6,,117
7080,265,4,,117
7084,266,7,,117
7091,267,7,,117
7098,268,5,,117
7103,269,7,,117
7110,270,5,,117
7115,271,3,,117
7118,272,6,,118
7124,273,6,,118
7130,274,5,,118
7135,275,4,,118
7139,276,3,,118
7142,277,8,,118
7150,278,10,,118
7160,279,15,,118
7175,280,8,,118
7183,281,5,,118
7188,282,5,,118
7193,283,5,,118
7198,284,6,,118
7204,285,4,,118
7208,286,7,,118
7215,287,6,,118
7221,288,6,,118
7227,289,4,,118
7231,290,7,,118
7238,291,4,,118
7242,292,5,,118
7247,293,5,,118
7252,294,4,,118
7256,295,4,,118
7260,296,12,,118
7272,297,7,,119
7279,298,9,,119
7288,299,15,,119
7303,300,8,,119
7311,301,17,,119
7328,302,15,,119
7343,303,12,,119
7355,304,22,,119
7377,305,16,,119
7393,306,15,,119
7408,307,16,,119
7424,308,14,,119
7438,309,25,,119
7463,310,17,,119
7480,311,21,,119
7501,312,26,,119
7527,313,21,,119
7548,314,26,,119
7574,315,30,,119
7604,316,32,,119
7636,317,25,,119
7661,318,29,,119
7690,319,34,,119
7724,320,30,,119
7754,321,27,,119
7781,322,31,,119
7812,323,40,,119
7852,324,30,,119
7882,325,37,,119
7919,326,31,,119
7950,327,26,,119
7976,328,25,,119
8001,329,30,,119
8031,330,25,,119
8056,331,24,,119
8080,332,23,,119
8103,333,18,,119
8121,334,21,,119
8142,335,23,,119
8165,336,24,,119
8189,337,27,,119
8216,338,34,,119
8250,339,31,,119
8281,340,32,,119
8313,341,42,,119
8355,342,40,,120
8395,343,43,,120
8438,344,45,,120
8483,345,62,,120
8545,346,44,,120
8589,347,50,,120
8639,348,52,,120
8691,349,53,,120
8744,350,37,,120
8781,351,40,,120
8821,352,49,,120
8870,353,48,,120
8918,354,57,,120
8975,355,50,,120
9025,356,44,,120
9069,357,39,,120
9108,358,52,,120
9160,359,34,,120
9194,360,24,,120
9218,361,22,,120
9240,362,16,,120
9256,363,12,,120
9268,364,6,,120
9274,366,5,,120
9279,367,1,,120
9280,368,4,,120
9284,369,4,,120
9288,370,1,,120
9289,371,2,,120
9291,377,1,,120
9292,385,1,,120
9293,418,1,,120
,,,,120
,,,,120
,,,,120
,,,,121
,,,,121
,,,,121
,,,,121
,,,,121
,,,,121
,,,,121
,,,,121
,,,,121
,,,,121
,,,,121
,,,,121
,,,,121
,,,,121
,,,,121
,,,,121
,,,,121
,,,,121
,,,,121
,,,,121
,,,,121
,,,,121
,,,,121
,,,,121
,,,,121
,,,,121
,,,,121
,,,,121
,,,,121
,,,,121
,,,,121
,,,,121
,,,,121
,,,,121
,,,,121
,,,,121
,,,,121
,,,,121
,,,,121
,,,,121
,,,,121
,,,,121
,,,,121
,,,,122
,,,,122
,,,,122
,,,,122
,,,,122
,,,,122
,,,,122
,,,,122
,,,,122
,,,,122
,,,,122
,,,,122
,,,,122
,,,,122
,,,,122
,,,,122
,,,,122
,,,,122
,,,,122
,,,,122
,,,,122
,,,,122
,,,,122
,,,,122
,,,,122
,,,,122
,,,,122
,,,,122
,,,,122
,,,,122
,,,,122
,,,,122
,,,,122
,,,,122
,,,,122
,,,,122
,,,,122
,,,,122
,,,,123
,,,,123
,,,,123
,,,,123
,,,,123
,,,,123
,,,,123
,,,,123
,,,,123
,,,,123
,,,,123
,,,,123
,,,,123
,,,,123
,,,,123
,,,,123
,,,,123
,,,,123
,,,,123
,,,,123
,,,,123
,,,,123
,,,,123
,,,,123
,,,,123
,,,,123
,,,,123
,,,,123
,,,,123
,,,,123
,,,,123
,,,,123
,,,,123
,,,,123
,,,,123
,,,,123
,,,,123
,,,,123
,,,,123
,,,,123
,,,,123
,,,,123
,,,,123
,,,,123
,,,,123
,,,,123
,,,,124
,,,,124
,,,,124
,,,,124
,,,,124
,,,,124
,,,,124
,,,,124
,,,,124
,,,,124
,,,,124
,,,,124
,,,,124
,,,,124
,,,,124
,,,,124
,,,,124
,,,,124
,,,,124
,,,,124
,,,,124
,,,,124
,,,,124
,,,,124
,,,,124
,,,,124
,,,,124
,,,,124
,,,,124
,,,,124
,,,,124
,,,,124
,,,,124
,,,,124
,,,,124
,,,,124
,,,,124
,,,,124
,,,,124
,,,,124
,,,,124
,,,,124
,,,,124
,,,,124
,,,,124
,,,,124
,,,,124
,,,,124
,,,,124
,,,,124
,,,,124
,,,,124
,,,,124
,,,,124
,,,,124
,,,,124
,,,,124
,,,,124
,,,,124
,,,,124
,,,,124
,,,,125
,,,,125
,,,,125
,,,,125
,,,,125
,,,,125
,,,,125
,,,,125
,,,,125
,,,,125
,,,,125
,,,,125
,,,,125
,,,,125
,,,,125
,,,,125
,,,,125
,,,,125
,,,,125
,,,,125
,,,,125
,,,,125
,,,,125
,,,,125
,,,,125
,,,,125
,,,,125
,,,,125
,,,,125
,,,,125
,,,,125
,,,,125
,,,,125
,,,,125
,,,,125
,,,,125
,,,,125
,,,,125
,,,,125
,,,,125
,,,,125
,,,,125
,,,,125
,,,,125
,,,,125
,,,,125
,,,,125
,,,,125
,,,,125
,,,,125
,,,,125
,,,,125
,,,,125
,,,,125
,,,,125
,,,,125
,,,,125
,,,,125
,,,,125
,,,,125
,,,,125
,,,,125
,,,,125
,,,,125
,,,,125
,,,,125
,,,,126
,,,,126
,,,,126
,,,,126
,,,,126
,,,,126
,,,,126
,,,,126
,,,,126
,,,,126
,,,,126
,,,,126
,,,,126
,,,,126
,,,,126
,,,,126
,,,,126
,,,,126
,,,,126
,,,,126
,,,,126
,,,,126
,,,,126
,,,,126
,,,,126
,,,,126
,,,,126
,,,,126
,,,,126
,,,,126
,,,,126
,,,,126
,,,,126
,,,,126
,,,,126
,,,,126
,,,,126
,,,,126
,,,,126
,,,,126
,,,,126
,,,,126
,,,,126
,,,,126
,,,,126
,,,,126
,,,,126
,,,,126
,,,,126
,,,,126
,,,,126
,,,,126
,,,,126
,,,,126
,,,,126
,,,,126
,,,,126
,,,,126
,,,,126
,,,,126
,,,,126
,,,,126
,,,,126
,,,,126
,,,,126
,,,,126
,,,,126
,,,,126
,,,,126
,,,,126
,,,,126
,,,,126
,,,,126
,,,,126
,,,,126
,,,,126
,,,,126
,,,,126
,,,,126
,,,,127
,,,,127
,,,,127
,,,,127
,,,,127
,,,,127
,,,,127
,,,,127
,,,,127
,,,,127
,,,,127
,,,,127
,,,,127
,,,,127
,,,,127
,,,,127
,,,,127
,,,,127
,,,,127
,,,,127
,,,,127
,,,,127
,,,,127
,,,,127
,,,,127
,,,,127
,,,,127
,,,,127
,,,,127
,,,,127
,,,,127
,,,,127
,,,,127
,,,,127
,,,,127
,,,,127
,,,,127
,,,,127
,,,,127
,,,,127
,,,,127
,,,,127
,,,,127
,,,,127
,,,,127
,,,,127
,,,,127
,,,,127
,,,,127
,,,,127
,,,,127
,,,,127
,,,,127
,,,,127
,,,,127
,,,,127
,,,,127
,,,,127
,,,,127
,,,,127
,,,,127
,,,,127
,,,,127
,,,,127
,,,,127
,,,,127
,,,,127
,,,,127
,,,,127
,,,,127
,,,,127
,,,,128
,,,,128
,,,,128
,,,,128
,,,,128
,,,,128
,,,,128
,,,,128
,,,,128
,,,,128
,,,,128
,,,,128
,,,,128
,,,,128
,,,,128
,,,,128
,,,,128
,,,,128
,,,,128
,,,,128
,,,,128
,,,,128
,,,,128
,,,,128
,,,,128
,,,,128
,,,,128
,,,,128
,,,,128
,,,,128
,,,,128
,,,,128
,,,,128
,,,,128
,,,,128
,,,,128
,,,,128
,,,,128
,,,,128
,,,,128
,,,,128
,,,,128
,,,,128
,,,,128
,,,,128
,,,,128
,,,,128
,,,,128
,,,,128
,,,,128
,,,,128
,,,,128
,,,,128
,,,,128
,,,,128
,,,,128
,,,,128
,,,,128
,,,,128
,,,,128
,,,,128
,,,,128
,,,,128
,,,,128
,,,,128
,,,,128
,,,,128
,,,,129
,,,,129
,,,,129
,,,,129
,,,,129
,,,,129
,,,,129
,,,,129
,,,,129
,,,,129
,,,,129
,,,,129
,,,,129
,,,,129
,,,,129
,,,,129
,,,,129
,,,,129
,,,,129
,,,,129
,,,,129
,,,,129
,,,,129
,,,,129
,,,,129
,,,,129
,,,,129
,,,,129
,,,,129
,,,,129
,,,,129
,,,,129
,,,,129
,,,,129
,,,,129
,,,,129
,,,,129
,,,,129
,,,,129
,,,,129
,,,,129
,,,,129
,,,,129
,,,,129
,,,,129
,,,,129
,,,,129
,,,,129
,,,,129
,,,,129
,,,,129
,,,,129
,,,,129
,,,,129
,,,,129
,,,,129
,,,,129
,,,,129
,,,,129
,,,,129
,,,,129
,,,,129
,,,,129
,,,,129
,,,,129
,,,,129
,,,,129
,,,,129
,,,,129
,,,,129
,,,,129
,,,,129
,,,,129
,,,,129
,,,,129
,,,,129
,,,,129
,,,,129
,,,,129
,,,,129
,,,,129
,,,,129
,,,,130
,,,,130
,,,,130
,,,,130
,,,,130
,,,,130
,,,,130
,,,,130
,,,,130
,,,,130
,,,,130
,,,,130
,,,,130
,,,,130
,,,,130
,,,,130
,,,,130
,,,,130
,,,,130
,,,,130
,,,,130
,,,,130
,,,,130
,,,,130
,,,,130
,,,,130
,,,,130
,,,,130
,,,,130
,,,,130
,,,,130
,,,,130
,,,,130
,,,,130
,,,,130
,,,,130
,,,,130
,,,,130
,,,,130
,,,,130
,,,,130
,,,,130
,,,,130
,,,,130
,,,,130
,,,,130
,,,,130
,,,,130
,,,,130
,,,,130
,,,,130
,,,,130
,,,,130
,,,,130
,,,,130
,,,,130
,,,,130
,,,,130
,,,,130
,,,,130
,,,,130
,,,,130
,,,,130
,,,,130
,,,,130
,,,,131
,,,,131
,,,,131
,,,,131
,,,,131
,,,,131
,,,,131
,,,,131
,,,,131
,,,,131
,,,,131
,,,,131
,,,,131
,,,,131
,,,,131
,,,,131
,,,,131
,,,,131
,,,,131
,,,,131
,,,,131
,,,,131
,,,,131
,,,,131
,,,,131
,,,,131
,,,,131
,,,,131
,,,,131
,,,,131
,,,,131
,,,,131
,,,,131
,,,,131
,,,,131
,,,,131
,,,,131
,,,,131
,,,,131
,,,,131
,,,,131
,,,,131
,,,,131
,,,,131
,,,,131
,,,,131
,,,,131
,,,,131
,,,,131
,,,,131
,,,,131
,,,,131
,,,,131
,,,,131
,,,,131
,,,,131
,,,,131
,,,,131
,,,,131
,,,,131
,,,,131
,,,,131
,,,,131
,,,,131
,,,,131
,,,,131
,,,,131
,,,,131
,,,,131
,,,,131
,,,,131
,,,,131
,,,,131
,,,,131
,,,,131
,,,,131
,,,,131
,,,,131
,,,,131
,,,,132
,,,,132
,,,,132
,,,,132
,,,,132
,,,,132
,,,,132
,,,,132
,,,,132
,,,,132
,,,,132
,,,,132
,,,,132
,,,,132
,,,,132
,,,,132
,,,,132
,,,,132
,,,,132
,,,,132
,,,,132
,,,,132
,,,,132
,,,,132
,,,,132
,,,,132
,,,,132
,,,,132
,,,,132
,,,,132
,,,,132
,,,,132
,,,,132
,,,,132
,,,,132
,,,,132
,,,,132
,,,,132
,,,,132
,,,,132
,,,,132
,,,,132
,,,,132
,,,,132
,,,,132
,,,,132
,,,,132
,,,,132
,,,,132
,,,,132
,,,,132
,,,,132
,,,,132
,,,,132
,,,,132
,,,,132
,,,,132
,,,,132
,,,,132
,,,,132
,,,,133
,,,,133
,,,,133
,,,,133
,,,,133
,,,,133
,,,,133
,,,,133
,,,,133
,,,,133
,,,,133
,,,,133
,,,,133
,,,,133
,,,,133
,,,,133
,,,,133
,,,,133
,,,,133
,,,,133
,,,,133
,,,,133
,,,,133
,,,,133
,,,,133
,,,,133
,,,,133
,,,,133
,,,,133
,,,,133
,,,,133
,,,,133
,,,,133
,,,,133
,,,,133
,,,,133
,,,,133
,,,,133
,,,,133
,,,,133
,,,,133
,,,,133
,,,,133
,,,,133
,,,,133
,,,,133
,,,,133
,,,,133
,,,,133
,,,,133
,,,,133
,,,,133
,,,,133
,,,,133
,,,,133
,,,,133
,,,,133
,,,,133
,,,,133
,,,,133
,,,,133
,,,,133
,,,,133
,,,,133
,,,,133
,,,,133
,,,,133
,,,,133
,,,,133
,,,,134
,,,,134
,,,,134
,,,,134
,,,,134
,,,,134
,,,,134
,,,,134
,,,,134
,,,,134
,,,,134
,,,,134
,,,,134
,,,,134
,,,,134
,,,,134
,,,,134
,,,,134
,,,,134
,,,,134
,,,,134
,,,,134
,,,,134
,,,,134
,,,,134
,,,,134
,,,,134
,,,,134
,,,,134
,,,,134
,,,,134
,,,,134
,,,,134
,,,,134
,,,,134
,,,,134
,,,,134
,,,,134
,,,,134
,,,,134
,,,,134
,,,,134
,,,,134
,,,,134
,,,,134
,,,,134
,,,,134
,,,,134
,,,,134
,,,,134
,,,,134
,,,,134
,,,,134
,,,,134
,,,,134
,,,,134
,,,,135
,,,,135
,,,,135
,,,,135
,,,,135
,,,,135
,,,,135
,,,,135
,,,,135
,,,,135
,,,,135
,,,,135
,,,,135
,,,,135
,,,,135
,,,,135
,,,,135
,,,,135
,,,,135
,,,,135
,,,,135
,,,,135
,,,,135
,,,,135
,,,,135
,,,,135
,,,,135
,,,,135
,,,,135
,,,,135
,,,,135
,,,,135
,,,,135
,,,,135
,,,,135
,,,,135
,,,,135
,,,,135
,,,,135
,,,,135
,,,,135
,,,,135
,,,,135
,,,,135
,,,,135
,,,,135
,,,,135
,,,,135
,,,,135
,,,,135
,,,,135
,,,,135
,,,,135
,,,,135
,,,,135
,,,,136
,,,,136
,,,,136
,,,,136
,,,,136
,,,,136
,,,,136
,,,,136
,,,,136
,,,,136
,,,,136
,,,,136
,,,,136
,,,,136
,,,,136
,,,,136
,,,,136
,,,,136
,,,,136
,,,,136
,,,,136
,,,,136
,,,,136
,,,,136
,,,,136
,,,,136
,,,,136
,,,,136
,,,,136
,,,,136
,,,,136
,,,,136
,,,,136
,,,,136
,,,,136
,,,,136
,,,,136
,,,,136
,,,,136
,,,,136
,,,,136
,,,,136
,,,,136
,,,,136
,,,,136
,,,,136
,,,,136
,,,,136
,,,,136
,,,,136
,,,,136
,,,,136
,,,,136
,,,,136
,,,,137
,,,,137
,,,,137
,,,,137
,,,,137
,,,,137
,,,,137
,,,,137
,,,,137
,,,,137
,,,,137
,,,,137
,,,,137
,,,,137
,,,,137
,,,,137
,,,,137
,,,,137
,,,,137
,,,,137
,,,,137
,,,,137
,,,,137
,,,,137
,,,,137
,,,,137
,,,,137
,,,,137
,,,,137
,,,,137
,,,,137
,,,,137
,,,,137
,,,,137
,,,,137
,,,,137
,,,,137
,,,,137
,,,,137
,,,,137
,,,,137
,,,,137
,,,,137
,,,,137
,,,,137
,,,,137
,,,,137
,,,,137
,,,,137
,,,,137
,,,,137
,,,,137
,,,,137
,,,,137
,,,,137
,,,,137
,,,,137
,,,,137
,,,,137
,,,,137
,,,,138
,,,,138
,,,,138
,,,,138
,,,,138
,,,,138
,,,,138
,,,,138
,,,,138
,,,,138
,,,,138
,,,,138
,,,,138
,,,,138
,,,,138
,,,,138
,,,,138
,,,,138
,,,,138
,,,,138
,,,,138
,,,,138
,,,,138
,,,,138
,,,,138
,,,,138
,,,,138
,,,,138
,,,,138
,,,,138
,,,,138
,,,,138
,,,,138
,,,,138
,,,,138
,,,,138
,,,,138
,,,,138
,,,,138
,,,,138
,,,,138
,,,,138
,,,,138
,,,,138
,,,,138
,,,,138
,,,,138
,,,,138
,,,,138
,,,,138
,,,,138
,,,,138
,,,,138
,,,,138
,,,,138
,,,,138
,,,,138
,,,,138
,,,,138
,,,,138
,,,,138
,,,,138
,,,,138
,,,,138
,,,,138
,,,,138
,,,,138
,,,,138
,,,,138
,,,,138
,,,,138
,,,,139
,,,,139
,,,,139
,,,,139
,,,,139
,,,,139
,,,,139
,,,,139
,,,,139
,,,,139
,,,,139
,,,,139
,,,,139
,,,,139
,,,,139
,,,,139
,,,,139
,,,,139
,,,,139
,,,,139
,,,,139
,,,,139
,,,,139
,,,,139
,,,,139
,,,,139
,,,,139
,,,,139
,,,,139
,,,,139
,,,,139
,,,,139
,,,,139
,,,,139
,,,,139
,,,,139
,,,,139
,,,,139
,,,,139
,,,,139
,,,,139
,,,,139
,,,,139
,,,,139
,,,,139
,,,,139
,,,,139
,,,,139
,,,,139
,,,,139
,,,,139
,,,,139
,,,,139
,,,,139
,,,,139
,,,,139
,,,,139
,,,,140
,,,,140
,,,,140
,,,,140
,,,,140
,,,,140
,,,,140
,,,,140
,,,,140
,,,,140
,,,,140
,,,,140
,,,,140
,,,,140
,,,,140
,,,,140
,,,,140
,,,,140
,,,,140
,,,,140
,,,,140
,,,,140
,,,,140
,,,,140
,,,,140
,,,,140
,,,,140
,,,,140
,,,,140
,,,,140
,,,,140
,,,,140
,,,,140
,,,,140
,,,,140
,,,,140
,,,,140
,,,,140
,,,,140
,,,,140
,,,,140
,,,,140
,,,,140
,,,,140
,,,,140
,,,,140
,,,,140
,,,,140
,,,,140
,,,,140
,,,,141
,,,,141
,,,,141
,,,,141
,,,,141
,,,,141
,,,,141
,,,,141
,,,,141
,,,,141
,,,,141
,,,,141
,,,,141
,,,,141
,,,,141
,,,,141
,,,,141
,,,,141
,,,,141
,,,,141
,,,,141
,,,,141
,,,,141
,,,,141
,,,,141
,,,,141
,,,,141
,,,,141
,,,,141
,,,,141
,,,,141
,,,,141
,,,,141
,,,,141
,,,,141
,,,,141
,,,,141
,,,,141
,,,,141
,,,,141
,,,,141
,,,,142
,,,,142
,,,,142
,,,,142
,,,,142
,,,,142
,,,,142
,,,,142
,,,,142
,,,,142
,,,,142
,,,,142
,,,,142
,,,,142
,,,,142
,,,,142
,,,,142
,,,,142
,,,,142
,,,,142
,,,,142
,,,,142
,,,,142
,,,,142
,,,,142
,,,,142
,,,,142
,,,,142
,,,,142
,,,,142
,,,,142
,,,,142
,,,,142
,,,,142
,,,,142
,,,,142
,,,,142
,,,,142
,,,,142
,,,,142
,,,,142
,,,,142
,,,,142
,,,,142
,,,,142
,,,,142
,,,,142
,,,,142
,,,,142
,,,,142
,,,,142
,,,,142
,,,,143
,,,,143
,,,,143
,,,,143
,,,,143
,,,,143
,,,,143
,,,,143
,,,,143
,,,,143
,,,,143
,,,,143
,,,,143
,,,,143
,,,,143
,,,,143
,,,,143
,,,,143
,,,,143
,,,,143
,,,,143
,,,,143
,,,,143
,,,,143
,,,,143
,,,,143
,,,,143
,,,,143
,,,,143
,,,,143
,,,,143
,,,,143
,,,,143
,,,,143
,,,,143
,,,,143
,,,,143
,,,,143
,,,,143
,,,,143
,,,,143
,,,,143
,,,,143
,,,,143
,,,,143
,,,,143
,,,,144
,,,,144
,,,,144
,,,,144
,,,,144
,,,,144
,,,,144
,,,,144
,,,,144
,,,,144
,,,,144
,,,,144
,,,,144
,,,,144
,,,,144
,,,,144
,,,,144
,,,,144
,,,,144
,,,,144
,,,,144
,,,,144
,,,,144
,,,,144
,,,,144
,,,,144
,,,,144
,,,,144
,,,,144
,,,,144
,,,,144
,,,,144
,,,,144
,,,,144
,,,,144
,,,,144
,,,,144
,,,,144
,,,,144
,,,,144
,,,,144
,,,,144
,,,,144
,,,,144
,,,,144
,,,,144
,,,,144
,,,,144
,,,,144
,,,,144
,,,,144
,,,,144
,,,,144
,,,,144
,,,,144
,,,,144
,,,,144
,,,,144
,,,,144
,,,,145
,,,,145
,,,,145
,,,,145
,,,,145
,,,,145
,,,,145
,,,,145
,,,,145
,,,,145
,,,,145
,,,,145
,,,,145
,,,,145
,,,,145
,,,,145
,,,,145
,,,,145
,,,,145
,,,,145
,,,,145
,,,,145
,,,,145
,,,,145
,,,,145
,,,,145
,,,,145
,,,,145
,,,,145
,,,,145
,,,,145
,,,,145
,,,,145
,,,,145
,,,,145
,,,,145
,,,,145
,,,,145
,,,,145
,,,,145
,,,,145
,,,,145
,,,,145
,,,,145
,,,,145
,,,,145
,,,,145
,,,,145
,,,,145
,,,,145
,,,,145
,,,,145
,,,,146
,,,,146
,,,,146
,,,,146
,,,,146
,,,,146
,,,,146
,,,,146
,,,,146
,,,,146
,,,,146
,,,,146
,,,,146
,,,,146
,,,,146
,,,,146
,,,,146
,,,,146
,,,,146
,,,,146
,,,,146
,,,,146
,,,,146
,,,,146
,,,,146
,,,,146
,,,,146
,,,,146
,,,,146
,,,,146
,,,,146
,,,,146
,,,,146
,,,,146
,,,,146
,,,,147
,,,,147
,,,,147
,,,,147
,,,,147
,,,,147
,,,,147
,,,,147
,,,,147
,,,,147
,,,,147
,,,,147
,,,,147
,,,,147
,,,,147
,,,,147
,,,,147
,,,,147
,,,,147
,,,,147
,,,,147
,,,,147
,,,,147
,,,,147
,,,,147
,,,,147
,,,,147
,,,,147
,,,,147
,,,,147
,,,,147
,,,,147
,,,,147
,,,,147
,,,,147
,,,,147
,,,,147
,,,,147
,,,,147
,,,,147
,,,,147
,,,,147
,,,,147
,,,,147
,,,,147
,,,,148
,,,,148
,,,,148
,,,,148
,,,,148
,,,,148
,,,,148
,,,,148
,,,,148
,,,,148
,,,,148
,,,,148
,,,,148
,,,,148
,,,,148
,,,,148
,,,,148
,,,,148
,,,,148
,,,,148
,,,,148
,,,,148
,,,,148
,,,,148
,,,,148
,,,,148
,,,,148
,,,,148
,,,,148
,,,,148
,,,,148
,,,,148
,,,,148
,,,,148
,,,,148
,,,,148
,,,,148
,,,,148
,,,,148
,,,,148
,,,,148
,,,,148
,,,,148
,,,,148
,,,,148
,,,,148
,,,,149
,,,,149
,,,,149
,,,,149
,,,,149
,,,,149
,,,,149
,,,,149
,,,,149
,,,,149
,,,,149
,,,,149
,,,,149
,,,,149
,,,,149
,,,,149
,,,,149
,,,,149
,,,,149
,,,,149
,,,,149
,,,,149
,,,,149
,,,,149
,,,,149
,,,,149
,,,,149
,,,,149
,,,,149
,,,,149
,,,,149
,,,,149
,,,,149
,,,,149
,,,,149
,,,,149
,,,,149
,,,,149
,,,,149
,,,,149
,,,,149
,,,,149
,,,,149
,,,,150
,,,,150
,,,,150
,,,,150
,,,,150
,,,,150
,,,,150
,,,,150
,,,,150
,,,,150
,,,,150
,,,,150
,,,,150
,,,,150
,,,,150
,,,,150
,,,,150
,,,,150
,,,,150
,,,,150
,,,,150
,,,,150
,,,,150
,,,,150
,,,,150
,,,,150
,,,,150
,,,,150
,,,,150
,,,,150
,,,,150
,,,,150
,,,,150
,,,,150
,,,,150
,,,,150
,,,,150
,,,,150
,,,,150
,,,,150
,,,,150
,,,,150
,,,,150
,,,,150
,,,,150
,,,,150
,,,,150
,,,,150
,,,,150
,,,,150
,,,,150
,,,,151
,,,,151
,,,,151
,,,,151
,,,,151
,,,,151
,,,,151
,,,,151
,,,,151
,,,,151
,,,,151
,,,,151
,,,,151
,,,,151
,,,,151
,,,,151
,,,,151
,,,,151
,,,,151
,,,,151
,,,,151
,,,,151
,,,,151
,,,,151
,,,,151
,,,,151
,,,,151
,,,,151
,,,,151
,,,,151
,,,,151
,,,,151
,,,,151
,,,,151
,,,,151
,,,,151
,,,,151
,,,,151
,,,,151
,,,,151
,,,,151
,,,,151
,,,,151
,,,,151
,,,,151
,,,,151
,,,,151
,,,,151
,,,,151
,,,,151
,,,,151
,,,,151
,,,,151
,,,,151
,,,,151
,,,,151
,,,,151
,,,,151
,,,,151
,,,,151
,,,,151
,,,,152
,,,,152
,,,,152
,,,,152
,,,,152
,,,,152
,,,,152
,,,,152
,,,,152
,,,,152
,,,,152
,,,,152
,,,,152
,,,,152
,,,,152
,,,,152
,,,,152
,,,,152
,,,,152
,,,,152
,,,,152
,,,,152
,,,,152
,,,,152
,,,,152
,,,,152
,,,,152
,,,,152
,,,,152
,,,,152
,,,,152
,,,,152
,,,,152
,,,,152
,,,,152
,,,,152
,,,,152
,,,,152
,,,,152
,,,,152
,,,,152
,,,,152
,,,,152
,,,,152
,,,,152
,,,,152
,,,,152
,,,,152
,,,,152
,,,,152
,,,,152
,,,,152
,,,,153
,,,,153
,,,,153
,,,,153
,,,,153
,,,,153
,,,,153
,,,,153
,,,,153
,,,,153
,,,,153
,,,,153
,,,,153
,,,,153
,,,,153
,,,,153
,,,,153
,,,,153
,,,,153
,,,,153
,,,,153
,,,,153
,,,,153
,,,,153
,,,,153
,,,,153
,,,,153
,,,,153
,,,,153
,,,,153
,,,,153
,,,,153
,,,,153
,,,,153
,,,,153
,,,,153
,,,,153
,,,,153
,,,,153
,,,,153
,,,,153
,,,,153
,,,,153
,,,,153
,,,,153
,,,,153
,,,,153
,,,,153
,,,,153
,,,,153
,,,,153
,,,,153
,,,,153
,,,,153
,,,,153
,,,,153
,,,,153
,,,,153
,,,,153
,,,,154
,,,,154
,,,,154
,,,,154
,,,,154
,,,,154
,,,,154
,,,,154
,,,,154
,,,,154
,,,,154
,,,,154
,,,,154
,,,,154
,,,,154
,,,,154
,,,,154
,,,,154
,,,,154
,,,,154
,,,,154
,,,,154
,,,,154
,,,,154
,,,,154
,,,,154
,,,,154
,,,,154
,,,,154
,,,,154
,,,,154
,,,,154
,,,,154
,,,,154
,,,,154
,,,,154
,,,,154
,,,,154
,,,,154
,,,,154
,,,,154
,,,,154
,,,,154
,,,,154
,,,,154
,,,,154
,,,,154
,,,,154
,,,,154
,,,,154
,,,,154
,,,,154
,,,,155
,,,,155
,,,,155
,,,,155
,,,,155
,,,,155
,,,,155
,,,,155
,,,,155
,,,,155
,,,,155
,,,,155
,,,,155
,,,,155
,,,,155
,,,,155
,,,,155
,,,,155
,,,,155
,,,,155
,,,,155
,,,,155
,,,,155
,,,,155
,,,,155
,,,,155
,,,,155
,,,,155
,,,,155
,,,,155
,,,,155
,,,,155
,,,,155
,,,,155
,,,,155
,,,,155
,,,,155
,,,,155
,,,,156
,,,,156
,,,,156
,,,,156
,,,,156
,,,,156
,,,,156
,,,,156
,,,,156
,,,,156
,,,,156
,,,,156
,,,,156
,,,,156
,,,,156
,,,,156
,,,,156
,,,,156
,,,,156
,,,,156
,,,,156
,,,,156
,,,,156
,,,,156
,,,,156
,,,,156
,,,,156
,,,,156
,,,,156
,,,,156
,,,,156
,,,,156
,,,,156
,,,,156
,,,,156
,,,,156
,,,,156
,,,,156
,,,,156
,,,,156
,,,,156
,,,,156
,,,,156
,,,,156
,,,,156
,,,,156
,,,,156
,,,,156
,,,,156
,,,,156
,,,,156
,,,,156
,,,,156
,,,,156
,,,,157
,,,,157
,,,,157
,,,,157
,,,,157
,,,,157
,,,,157
,,,,157
,,,,157
,,,,157
,,,,157
,,,,157
,,,,157
,,,,157
,,,,157
,,,,157
,,,,157
,,,,157
,,,,157
,,,,157
,,,,157
,,,,157
,,,,157
,,,,157
,,,,157
,,,,157
,,,,157
,,,,157
,,,,157
,,,,157
,,,,157
,,,,157
,,,,157
,,,,157
,,,,157
,,,,157
,,,,157
,,,,158
,,,,158
,,,,158
,,,,158
,,,,158
,,,,158
,,,,158
,,,,158
,,,,158
,,,,158
,,,,158
,,,,158
,,,,158
,,,,158
,,,,158
,,,,158
,,,,158
,,,,158
,,,,158
,,,,158
,,,,158
,,,,158
,,,,158
,,,,158
,,,,158
,,,,158
,,,,158
,,,,158
,,,,158
,,,,158
,,,,158
,,,,158
,,,,158
,,,,158
,,,,158
,,,,158
,,,,158
,,,,158
,,,,158
,,,,158
,,,,158
,,,,158
,,,,158
,,,,158
,,,,158
,,,,158
,,,,158
,,,,158
,,,,158
,,,,158
,,,,158
,,,,158
,,,,158
,,,,159
,,,,159
,,,,159
,,,,159
,,,,159
,,,,159
,,,,159
,,,,159
,,,,159
,,,,159
,,,,159
,,,,159
,,,,159
,,,,159
,,,,159
,,,,159
,,,,159
,,,,159
,,,,159
,,,,159
,,,,159
,,,,159
,,,,159
,,,,159
,,,,159
,,,,159
,,,,159
,,,,159
,,,,159
,,,,159
,,,,159
,,,,159
,,,,159
,,,,159
,,,,159
,,,,159
,,,,159
,,,,159
,,,,159
,,,,159
,,,,159
,,,,159
,,,,159
,,,,160
,,,,160
,,,,160
,,,,160
,,,,160
,,,,160
,,,,160
,,,,160
,,,,160
,,,,160
,,,,160
,,,,160
,,,,160
,,,,160
,,,,160
,,,,160
,,,,160
,,,,160
,,,,160
,,,,160
,,,,160
,,,,160
,,,,160
,,,,160
,,,,160
,,,,160
,,,,160
,,,,160
,,,,160
,,,,160
,,,,160
,,,,160
,,,,160
,,,,160
,,,,160
,,,,160
,,,,160
,,,,160
,,,,160
,,,,160
,,,,160
,,,,160
,,,,160
,,,,160
,,,,160
,,,,160
,,,,160
,,,,160
,,,,160
,,,,160
,,,,160
,,,,160
,,,,161
,,,,161
,,,,161
,,,,161
,,,,161
,,,,161
,,,,161
,,,,161
,,,,161
,,,,161
,,,,161
,,,,161
,,,,161
,,,,161
,,,,161
,,,,161
,,,,161
,,,,161
,,,,161
,,,,161
,,,,161
,,,,161
,,,,161
,,,,161
,,,,161
,,,,161
,,,,161
,,,,161
,,,,161
,,,,161
,,,,161
,,,,161
,,,,161
,,,,161
,,,,161
,,,,162
,,,,162
,,,,162
,,,,162
,,,,162
,,,,162
,,,,162
,,,,162
,,,,162
,,,,162
,,,,162
,,,,162
,,,,162
,,,,162
,,,,162
,,,,162
,,,,162
,,,,162
,,,,162
,,,,162
,,,,162
,,,,162
,,,,162
,,,,162
,,,,162
,,,,162
,,,,162
,,,,162
,,,,162
,,,,162
,,,,162
,,,,162
,,,,162
,,,,162
,,,,162
,,,,162
,,,,162
,,,,162
,,,,162
,,,,162
,,,,162
,,,,162
,,,,162
,,,,163
,,,,163
,,,,163
,,,,163
,,,,163
,,,,163
,,,,163
,,,,163
,,,,163
,,,,163
,,,,163
,,,,163
,,,,163
,,,,163
,,,,163
,,,,163
,,,,163
,,,,163
,,,,163
,,,,163
,,,,163
,,,,163
,,,,163
,,,,163
,,,,163
,,,,163
,,,,163
,,,,163
,,,,163
,,,,163
,,,,163
,,,,163
,,,,163
,,,,163
,,,,163
,,,,163
,,,,163
,,,,163
,,,,163
,,,,163
,,,,163
,,,,163
,,,,164
,,,,164
,,,,164
,,,,164
,,,,164
,,,,164
,,,,164
,,,,164
,,,,164
,,,,164
,,,,164
,,,,164
,,,,164
,,,,164
,,,,164
,,,,164
,,,,164
,,,,164
,,,,164
,,,,164
,,,,164
,,,,164
,,,,164
,,,,164
,,,,164
,,,,164
,,,,164
,,,,164
,,,,164
,,,,164
,,,,164
,,,,164
,,,,164
,,,,164
,,,,164
,,,,164
,,,,164
,,,,164
,,,,164
,,,,164
,,,,164
,,,,164
,,,,164
,,,,165
,,,,165
,,,,165
,,,,165
,,,,165
,,,,165
,,,,165
,,,,165
,,,,165
,,,,165
,,,,165
,,,,165
,,,,165
,,,,165
,,,,165
,,,,165
,,,,165
,,,,165
,,,,165
,,,,165
,,,,165
,,,,165
,,,,165
,,,,165
,,,,165
,,,,165
,,,,165
,,,,165
,,,,165
,,,,165
,,,,165
,,,,165
,,,,165
,,,,165
,,,,165
,,,,165
,,,,165
,,,,165
,,,,165
,,,,165
,,,,165
,,,,165
,,,,165
,,,,165
,,,,165
,,,,165
,,,,165
,,,,165
,,,,165
,,,,165
,,,,165
,,,,166
,,,,166
,,,,166
,,,,166
,,,,166
,,,,166
,,,,166
,,,,166
,,,,166
,,,,166
,,,,166
,,,,166
,,,,166
,,,,166
,,,,166
,,,,166
,,,,166
,,,,166
,,,,166
,,,,166
,,,,166
,,,,166
,,,,166
,,,,166
,,,,166
,,,,166
,,,,166
,,,,166
,,,,166
,,,,166
,,,,166
,,,,166
,,,,166
,,,,166
,,,,166
,,,,166
,,,,166
,,,,166
,,,,166
,,,,166
,,,,166
,,,,166
,,,,166
,,,,166
,,,,166
,,,,167
,,,,167
,,,,167
,,,,167
,,,,167
,,,,167
,,,,167
,,,,167
,,,,167
,,,,167
,,,,167
,,,,167
,,,,167
,,,,167
,,,,167
,,,,167
,,,,167
,,,,167
,,,,167
,,,,167
,,,,167
,,,,167
,,,,167
,,,,167
,,,,167
,,,,167
,,,,167
,,,,167
,,,,167
,,,,167
,,,,167
,,,,167
,,,,167
,,,,167
,,,,167
,,,,167
,,,,167
,,,,167
,,,,167
,,,,167
,,,,167
,,,,167
,,,,167
,,,,167
,,,,167
,,,,167
,,,,167
,,,,167
,,,,167
,,,,167
,,,,167
,,,,167
,,,,168
,,,,168
,,,,168
,,,,168
,,,,168
,,,,168
,,,,168
,,,,168
,,,,168
,,,,168
,,,,168
,,,,168
,,,,168
,,,,168
,,,,168
,,,,168
,,,,168
,,,,168
,,,,168
,,,,168
,,,,168
,,,,168
,,,,168
,,,,168
,,,,168
,,,,168
,,,,168
,,,,168
,,,,168
,,,,168
,,,,168
,,,,168
,,,,168
,,,,168
,,,,168
,,,,168
,,,,168
,,,,168
,,,,168
,,,,168
,,,,168
,,,,168
,,,,168
,,,,168
,,,,168
,,,,168
,,,,169
,,,,169
,,,,169
,,,,169
,,,,169
,,,,169
,,,,169
,,,,169
,,,,169
,,,,169
,,,,169
,,,,169
,,,,169
,,,,169
,,,,169
,,,,169
,,,,169
,,,,169
,,,,169
,,,,169
,,,,169
,,,,169
,,,,169
,,,,169
,,,,169
,,,,169
,,,,169
,,,,169
,,,,169
,,,,169
,,,,169
,,,,169
,,,,169
,,,,169
,,,,170
,,,,170
,,,,170
,,,,170
,,,,170
,,,,170
,,,,170
,,,,170
,,,,170
,,,,170
,,,,170
,,,,170
,,,,170
,,,,170
,,,,170
,,,,170
,,,,170
,,,,170
,,,,170
,,,,170
,,,,170
,,,,170
,,,,170
,,,,170
,,,,170
,,,,170
,,,,170
,,,,170
,,,,170
,,,,170
,,,,170
,,,,170
,,,,170
,,,,170
,,,,170
,,,,170
,,,,171
,,,,171
,,,,171
,,,,171
,,,,171
,,,,171
,,,,171
,,,,171
,,,,171
,,,,171
,,,,171
,,,,171
,,,,171
,,,,171
,,,,171
,,,,171
,,,,171
,,,,171
,,,,171
,,,,171
,,,,171
,,,,171
,,,,171
,,,,171
,,,,171
,,,,171
,,,,171
,,,,171
,,,,171
,,,,171
,,,,171
,,,,171
,,,,171
,,,,171
,,,,171
,,,,171
,,,,171
,,,,171
,,,,171
,,,,171
,,,,172
,,,,172
,,,,172
,,,,172
,,,,172
,,,,172
,,,,172
,,,,172
,,,,172
,,,,172
,,,,172
,,,,172
,,,,172
,,,,172
,,,,172
,,,,172
,,,,172
,,,,172
,,,,172
,,,,172
,,,,172
,,,,172
,,,,172
,,,,172
,,,,172
,,,,172
,,,,172
,,,,172
,,,,172
,,,,172
,,,,172
,,,,172
,,,,173
,,,,173
,,,,173
,,,,173
,,,,173
,,,,173
,,,,173
,,,,173
,,,,173
,,,,173
,,,,173
,,,,173
,,,,173
,,,,173
,,,,173
,,,,173
,,,,173
,,,,173
,,,,173
,,,,173
,,,,173
,,,,174
,,,,174
,,,,174
,,,,174
,,,,174
,,,,174
,,,,174
,,,,174
,,,,174
,,,,174
,,,,174
,,,,174
,,,,174
,,,,174
,,,,174
,,,,174
,,,,174
,,,,174
,,,,174
,,,,174
,,,,174
,,,,174
,,,,174
,,,,174
,,,,174
,,,,174
,,,,174
,,,,174
,,,,174
,,,,174
,,,,174
,,,,174
,,,,174
,,,,174
,,,,174
,,,,174
,,,,174
,,,,174
,,,,174
,,,,174
,,,,175
,,,,175
,,,,175
,,,,175
,,,,175
,,,,175
,,,,175
,,,,175
,,,,175
,,,,175
,,,,175
,,,,175
,,,,175
,,,,175
,,,,175
,,,,175
,,,,175
,,,,175
,,,,175
,,,,175
,,,,175
,,,,175
,,,,175
,,,,175
,,,,175
,,,,175
,,,,175
,,,,176
,,,,176
,,,,176
,,,,176
,,,,176
,,,,176
,,,,176
,,,,176
,,,,176
,,,,176
,,,,176
,,,,176
,,,,176
,,,,176
,,,,176
,,,,176
,,,,176
,,,,176
,,,,176
,,,,176
,,,,176
,,,,176
,,,,176
,,,,176
,,,,176
,,,,176
,,,,176
,,,,176
,,,,176
,,,,176
,,,,177
,,,,177
,,,,177
,,,,177
,,,,177
,,,,177
,,,,177
,,,,177
,,,,177
,,,,177
,,,,177
,,,,177
,,,,177
,,,,177
,,,,177
,,,,177
,,,,177
,,,,177
,,,,177
,,,,177
,,,,177
,,,,178
,,,,178
,,,,178
,,,,178
,,,,178
,,,,178
,,,,178
,,,,178
,,,,178
,,,,178
,,,,178
,,,,178
,,,,178
,,,,178
,,,,178
,,,,178
,,,,178
,,,,178
,,,,178
,,,,178
,,,,179
,,,,179
,,,,179
,,,,179
,,,,179
,,,,179
,,,,179
,,,,179
,,,,179
,,,,179
,,,,179
,,,,179
,,,,180
,,,,180
,,,,180
,,,,180
,,,,180
,,,,180
,,,,180
,,,,180
,,,,180
,,,,180
,,,,180
,,,,180
,,,,180
,,,,180
,,,,181
,,,,181
,,,,181
,,,,181
,,,,181
,,,,181
,,,,181
,,,,181
,,,,181
,,,,181
,,,,181
,,,,181
,,,,181
,,,,181
,,,,181
,,,,182
,,,,182
,,,,182
,,,,182
,,,,182
,,,,182
,,,,182
,,,,182
,,,,182
,,,,182
,,,,182
,,,,182
,,,,182
,,,,182
,,,,182
,,,,182
,,,,182
,,,,182
,,,,182
,,,,182
,,,,182
,,,,182
,,,,182
,,,,182
,,,,182
,,,,182
,,,,183
,,,,183
,,,,183
,,,,183
,,,,183
,,,,183
,,,,183
,,,,183
,,,,183
,,,,183
,,,,183
,,,,183
,,,,183
,,,,184
,,,,184
,,,,184
,,,,184
,,,,184
,,,,184
,,,,184
,,,,184
,,,,184
,,,,184
,,,,184
,,,,184
,,,,184
,,,,184
,,,,184
,,,,184
,,,,185
,,,,185
,,,,185
,,,,185
,,,,185
,,,,185
,,,,185
,,,,185
,,,,185
,,,,185
,,,,185
,,,,185
,,,,185
,,,,185
,,,,185
,,,,185
,,,,185
,,,,186
,,,,186
,,,,186
,,,,186
,,,,186
,,,,186
,,,,186
,,,,186
,,,,186
,,,,186
,,,,186
,,,,186
,,,,186
,,,,186
,,,,186
,,,,187
,,,,187
,,,,187
,,,,187
,,,,187
,,,,187
,,,,187
,,,,187
,,,,187
,,,,187
,,,,187
,,,,187
,,,,187
,,,,187
,,,,187
,,,,187
,,,,187
,,,,187
,,,,187
,,,,187
,,,,188
,,,,188
,,,,188
,,,,188
,,,,188
,,,,188
,,,,188
,,,,188
,,,,188
,,,,188
,,,,188
,,,,188
,,,,188
,,,,188
,,,,188
,,,,188
,,,,189
,,,,189
,,,,189
,,,,189
,,,,189
,,,,189
,,,,189
,,,,189
,,,,189
,,,,189
,,,,189
,,,,189
,,,,189
,,,,190
,,,,190
,,,,190
,,,,190
,,,,190
,,,,190
,,,,190
,,,,190
,,,,190
,,,,190
,,,,190
,,,,190
,,,,190
,,,,190
,,,,190
,,,,190
,,,,190
,,,,190
,,,,191
,,,,191
,,,,191
,,,,191
,,,,191
,,,,191
,,,,191
,,,,191
,,,,191
,,,,191
,,,,191
,,,,191
,,,,191
,,,,191
,,,,192
,,,,192
,,,,192
,,,,192
,,,,192
,,,,192
,,,,192
,,,,192
,,,,192
,,,,192
,,,,192
,,,,192
,,,,192
,,,,193
,,,,193
,,,,193
,,,,193
,,,,194
,,,,194
,,,,194
,,,,194
,,,,194
,,,,194
,,,,194
,,,,194
,,,,194
,,,,194
,,,,194
,,,,194
,,,,194
,,,,194
,,,,194
,,,,194
,,,,194
,,,,194
,,,,194
,,,,194
,,,,195
,,,,195
,,,,195
,,,,195
,,,,195
,,,,195
,,,,195
,,,,195
,,,,195
,,,,195
,,,,195
,,,,195
,,,,195
,,,,195
,,,,195
,,,,195
,,,,195
,,,,195
,,,,195
,,,,195
,,,,196
,,,,196
,,,,196
,,,,196
,,,,196
,,,,196
,,,,196
,,,,196
,,,,196
,,,,196
,,,,196
,,,,196
,,,,196
,,,,196
,,,,196
,,,,196
,,,,196
,,,,196
,,,,196
,,,,197
,,,,197
,,,,197
,,,,197
,,,,197
,,,,197
,,,,197
,,,,197
,,,,197
,,,,197
,,,,197
,,,,197
,,,,197
,,,,197
,,,,197
,,,,197
,,,,197
,,,,197
,,,,198
,,,,198
,,,,198
,,,,198
,,,,198
,,,,198
,,,,198
,,,,198
,,,,198
,,,,198
,,,,198
,,,,198
,,,,198
,,,,198
,,,,199
,,,,199
,,,,199
,,,,199
,,,,199
,,,,199
,,,,199
,,,,199
,,,,199
,,,,199
,,,,199
,,,,199
,,,,199
,,,,200
,,,,200
,,,,200
,,,,200
,,,,200
,,,,200
,,,,200
,,,,200
,,,,200
,,,,200
,,,,200
,,,,200
,,,,200
,,,,200
,,,,200
,,,,200
,,,,200
,,,,200
,,,,200
,,,,200
,,,,200
,,,,200
,,,,201
,,,,201
,,,,201
,,,,201
,,,,201
,,,,201
,,,,201
,,,,201
,,,,201
,,,,201
,,,,201
,,,,201
,,,,201
,,,,201
,,,,201
,,,,202
,,,,202
,,,,202
,,,,202
,,,,202
,,,,202
,,,,202
,,,,202
,,,,202
,,,,202
,,,,202
,,,,202
,,,,202
,,,,202
,,,,202
,,,,202
,,,,202
,,,,203
,,,,203
,,,,203
,,,,203
,,,,203
,,,,203
,,,,203
,,,,203
,,,,203
,,,,203
,,,,203
,,,,203
,,,,203
,,,,203
,,,,203
,,,,203
,,,,204
,,,,204
,,,,204
,,,,204
,,,,204
,,,,204
,,,,204
,,,,204
,,,,204
,,,,204
,,,,204
,,,,204
,,,,204
,,,,205
,,,,205
,,,,205
,,,,205
,,,,205
,,,,205
,,,,205
,,,,205
,,,,205
,,,,205
,,,,205
,,,,205
,,,,205
,,,,205
,,,,205
,,,,205
,,,,205
,,,,205
,,,,206
,,,,206
,,,,206
,,,,206
,,,,206
,,,,206
,,,,206
,,,,206
,,,,206
,,,,206
,,,,206
,,,,206
,,,,206
,,,,207
,,,,207
,,,,207
,,,,207
,,,,207
,,,,207
,,,,207
,,,,207
,,,,207
,,,,207
,,,,207
,,,,207
,,,,207
,,,,207
,,,,207
,,,,208
,,,,208
,,,,208
,,,,208
,,,,208
,,,,208
,,,,208
,,,,208
,,,,208
,,,,208
,,,,208
,,,,208
,,,,208
,,,,208
,,,,208
,,,,208
,,,,208
,,,,208
,,,,209
,,,,209
,,,,209
,,,,209
,,,,209
,,,,209
,,,,209
,,,,209
,,,,209
,,,,209
,,,,209
,,,,209
,,,,209
,,,,209
,,,,209
,,,,209
,,,,209
,,,,209
,,,,209
,,,,209
,,,,209
,,,,209
,,,,209
,,,,209
,,,,210
,,,,210
,,,,210
,,,,210
,,,,210
,,,,210
,,,,210
,,,,210
,,,,210
,,,,210
,,,,210
,,,,210
,,,,210
,,,,210
,,,,210
,,,,210
,,,,210
,,,,210
,,,,210
,,,,210
,,,,210
,,,,210
,,,,210
,,,,210
,,,,210
,,,,211
,,,,211
,,,,211
,,,,211
,,,,211
,,,,211
,,,,211
,,,,211
,,,,211
,,,,211
,,,,211
,,,,211
,,,,211
,,,,211
,,,,211
,,,,211
,,,,211
,,,,211
,,,,211
,,,,211
,,,,211
,,,,211
,,,,211
,,,,211
,,,,212
,,,,212
,,,,212
,,,,212
,,,,212
,,,,212
,,,,212
,,,,212
,,,,212
,,,,212
,,,,212
,,,,212
,,,,212
,,,,212
,,,,212
,,,,212
,,,,212
,,,,212
,,,,212
,,,,212
,,,,212
,,,,212
,,,,212
,,,,212
,,,,212
,,,,212
,,,,212
,,,,212
,,,,212
,,,,213
,,,,213
,,,,213
,,,,213
,,,,213
,,,,213
,,,,213
,,,,213
,,,,213
,,,,213
,,,,213
,,,,213
,,,,213
,,,,213
,,,,213
,,,,213
,,,,213
,,,,213
,,,,213
,,,,213
,,,,213
,,,,213
,,,,213
,,,,213
,,,,213
,,,,213
,,,,214
,,,,214
,,,,214
,,,,214
,,,,214
,,,,214
,,,,214
,,,,214
,,,,214
,,,,214
,,,,214
,,,,214
,,,,214
,,,,214
,,,,214
,,,,214
,,,,214
,,,,214
,,,,214
,,,,214
,,,,214
,,,,214
,,,,214
,,,,214
,,,,214
,,,,214
,,,,215
,,,,215
,,,,215
,,,,215
,,,,215
,,,,215
,,,,215
,,,,215
,,,,215
,,,,215
,,,,215
,,,,215
,,,,215
,,,,215
,,,,215
,,,,215
,,,,215
,,,,215
,,,,215
,,,,215
,,,,215
,,,,215
,,,,215
,,,,215
,,,,215
,,,,215
,,,,215
,,,,215
,,,,215
,,,,215
,,,,215
,,,,215
,,,,215
,,,,215
,,,,215
,,,,215
,,,,215
,,,,215
,,,,215
,,,,215
,,,,215
,,,,215
,,,,215
,,,,216
,,,,216
,,,,216
,,,,216
,,,,216
,,,,216
,,,,216
,,,,216
,,,,216
,,,,216
,,,,216
,,,,216
,,,,216
,,,,216
,,,,216
,,,,216
,,,,216
,,,,216
,,,,216
,,,,216
,,,,216
,,,,216
,,,,216
,,,,216
,,,,216
,,,,216
,,,,216
,,,,216
,,,,216
,,,,216
,,,,216
,,,,216
,,,,216
,,,,216
,,,,217
,,,,217
,,,,217
,,,,217
,,,,217
,,,,217
,,,,217
,,,,217
,,,,217
,,,,217
,,,,217
,,,,217
,,,,217
,,,,217
,,,,217
,,,,217
,,,,217
,,,,217
,,,,217
,,,,217
,,,,217
,,,,217
,,,,217
,,,,217
,,,,217
,,,,217
,,,,217
,,,,217
,,,,217
,,,,217
,,,,217
,,,,217
,,,,217
,,,,217
,,,,217
,,,,218
,,,,218
,,,,218
,,,,218
,,,,218
,,,,218
,,,,218
,,,,218
,,,,218
,,,,218
,,,,218
,,,,218
,,,,218
,,,,218
,,,,218
,,,,218
,,,,218
,,,,218
,,,,218
,,,,218
,,,,218
,,,,218
,,,,218
,,,,218
,,,,218
,,,,218
,,,,218
,,,,218
,,,,218
,,,,218
,,,,218
,,,,219
,,,,219
,,,,219
,,,,219
,,,,219
,,,,219
,,,,219
,,,,219
,,,,219
,,,,219
,,,,219
,,,,219
,,,,219
,,,,219
,,,,219
,,,,219
,,,,219
,,,,219
,,,,219
,,,,219
,,,,219
,,,,219
,,,,219
,,,,219
,,,,219
,,,,219
,,,,219
,,,,219
,,,,219
,,,,219
,,,,219
,,,,219
,,,,219
,,,,219
,,,,219
,,,,219
,,,,219
,,,,220
,,,,220
,,,,220
,,,,220
,,,,220
,,,,220
,,,,220
,,,,220
,,,,220
,,,,220
,,,,220
,,,,220
,,,,220
,,,,220
,,,,220
,,,,220
,,,,220
,,,,220
,,,,220
,,,,220
,,,,220
,,,,220
,,,,220
,,,,220
,,,,220
,,,,220
,,,,220
,,,,220
,,,,220
,,,,220
,,,,220
,,,,220
,,,,220
,,,,220
,,,,220
,,,,220
,,,,220
,,,,220
,,,,220
,,,,220
,,,,220
,,,,220
,,,,220
,,,,220
,,,,220
,,,,220
,,,,220
,,,,220
,,,,220
,,,,220
,,,,220
,,,,220
,,,,220
,,,,220
,,,,220
,,,,220
,,,,220
,,,,220
,,,,220
,,,,220
,,,,220
,,,,220
,,,,221
,,,,221
,,,,221
,,,,221
,,,,221
,,,,221
,,,,221
,,,,221
,,,,221
,,,,221
,,,,221
,,,,221
,,,,221
,,,,221
,,,,221
,,,,221
,,,,221
,,,,221
,,,,221
,,,,221
,,,,221
,,,,221
,,,,221
,,,,221
,,,,221
,,,,221
,,,,221
,,,,221
,,,,221
,,,,221
,,,,221
,,,,221
,,,,221
,,,,221
,,,,221
,,,,221
,,,,221
,,,,221
,,,,221
,,,,221
,,,,221
,,,,221
,,,,221
,,,,221
,,,,221
,,,,221
,,,,221
,,,,221
,,,,221
,,,,221
,,,,221
,,,,221
,,,,221
,,,,221
,,,,222
,,,,222
,,,,222
,,,,222
,,,,222
,,,,222
,,,,222
,,,,222
,,,,222
,,,,222
,,,,222
,,,,222
,,,,222
,,,,222
,,,,222
,,,,222
,,,,222
,,,,222
,,,,222
,,,,222
,,,,222
,,,,222
,,,,222
,,,,222
,,,,222
,,,,222
,,,,222
,,,,222
,,,,222
,,,,222
,,,,222
,,,,222
,,,,222
,,,,222
,,,,222
,,,,222
,,,,222
,,,,222
,,,,222
,,,,222
,,,,222
,,,,222
,,,,222
,,,,222
,,,,222
,,,,222
,,,,222
,,,,222
,,,,222
,,,,222
,,,,222
,,,,222
,,,,222
,,,,222
,,,,222
,,,,222
,,,,222
,,,,222
,,,,222
,,,,222
,,,,222
,,,,222
,,,,222
,,,,223
,,,,223
,,,,223
,,,,223
,,,,223
,,,,223
,,,,223
,,,,223
,,,,223
,,,,223
,,,,223
,,,,223
,,,,223
,,,,223
,,,,223
,,,,223
,,,,223
,,,,223
,,,,223
,,,,223
,,,,223
,,,,223
,,,,223
,,,,223
,,,,223
,,,,223
,,,,223
,,,,223
,,,,223
,,,,223
,,,,223
,,,,223
,,,,223
,,,,223
,,,,223
,,,,223
,,,,223
,,,,223
,,,,223
,,,,223
,,,,223
,,,,223
,,,,223
,,,,223
,,,,223
,,,,223
,,,,223
,,,,223
,,,,223
,,,,223
,,,,223
,,,,223
,,,,223
,,,,223
,,,,223
,,,,223
,,,,223
,,,,223
,,,,223
,,,,223
,,,,223
,,,,223
,,,,223
,,,,223
,,,,223
,,,,223
,,,,223
,,,,223
,,,,223
,,,,223
,,,,224
,,,,224
,,,,224
,,,,224
,,,,224
,,,,224
,,,,224
,,,,224
,,,,224
,,,,224
,,,,224
,,,,224
,,,,224
,,,,224
,,,,224
,,,,224
,,,,224
,,,,224
,,,,224
,,,,224
,,,,224
,,,,224
,,,,224
,,,,224
,,,,224
,,,,224
,,,,224
,,,,224
,,,,224
,,,,224
,,,,224
,,,,224
,,,,224
,,,,224
,,,,224
,,,,224
,,,,224
,,,,224
,,,,224
,,,,224
,,,,224
,,,,224
,,,,224
,,,,224
,,,,224
,,,,224
,,,,224
,,,,224
,,,,224
,,,,224
,,,,224
,,,,224
,,,,224
,,,,224
,,,,224
,,,,225
,,,,225
,,,,225
,,,,225
,,,,225
,,,,225
,,,,225
,,,,225
,,,,225
,,,,225
,,,,225
,,,,225
,,,,225
,,,,225
,,,,225
,,,,225
,,,,225
,,,,225
,,,,225
,,,,225
,,,,225
,,,,225
,,,,225
,,,,225
,,,,225
,,,,225
,,,,225
,,,,225
,,,,225
,,,,225
,,,,225
,,,,225
,,,,225
,,,,225
,,,,225
,,,,225
,,,,225
,,,,225
,,,,225
,,,,225
,,,,225
,,,,225
,,,,225
,,,,225
,,,,225
,,,,225
,,,,225
,,,,225
,,,,225
,,,,225
,,,,225
,,,,225
,,,,225
,,,,225
,,,,225
,,,,225
,,,,225
,,,,225
,,,,225
,,,,225
,,,,225
,,,,225
,,,,225
,,,,225
,,,,225
,,,,225
,,,,225
,,,,225
,,,,225
,,,,225
,,,,225
,,,,225
,,,,225
,,,,225
,,,,226
,,,,226
,,,,226
,,,,226
,,,,226
,,,,226
,,,,226
,,,,226
,,,,226
,,,,226
,,,,226
,,,,226
,,,,226
,,,,226
,,,,226
,,,,226
,,,,226
,,,,226
,,,,226
,,,,226
,,,,226
,,,,226
,,,,226
,,,,226
,,,,226
,,,,226
,,,,226
,,,,226
,,,,226
,,,,226
,,,,226
,,,,226
,,,,226
,,,,226
,,,,226
,,,,226
,,,,226
,,,,226
,,,,226
,,,,226
,,,,226
,,,,226
,,,,226
,,,,226
,,,,226
,,,,226
,,,,226
,,,,226
,,,,226
,,,,226
,,,,226
,,,,226
,,,,226
,,,,226
,,,,226
,,,,226
,,,,226
,,,,226
,,,,226
,,,,226
,,,,226
,,,,226
,,,,226
,,,,226
,,,,226
,,,,226
,,,,226
,,,,226
,,,,226
,,,,226
,,,,226
,,,,226
,,,,226
,,,,226
,,,,226
,,,,226
,,,,226
,,,,226
,,,,226
,,,,226
,,,,226
,,,,226
,,,,226
,,,,226
,,,,226
,,,,226
,,,,226
,,,,226
,,,,226
,,,,226
,,,,226
,,,,226
,,,,226
,,,,226
,,,,226
,,,,226
,,,,226
,,,,226
,,,,226
,,,,226
,,,,226
,,,,227
,,,,227
,,,,227
,,,,227
,,,,227
,,,,227
,,,,227
,,,,227
,,,,227
,,,,227
,,,,227
,,,,227
,,,,227
,,,,227
,,,,227
,,,,227
,,,,227
,,,,227
,,,,227
,,,,227
,,,,227
,,,,227
,,,,227
,,,,227
,,,,227
,,,,227
,,,,227
,,,,227
,,,,227
,,,,227
,,,,227
,,,,227
,,,,227
,,,,227
,,,,227
,,,,227
,,,,227
,,,,227
,,,,227
,,,,227
,,,,227
,,,,227
,,,,227
,,,,227
,,,,227
,,,,227
,,,,227
,,,,227
,,,,227
,,,,227
,,,,227
,,,,227
,,,,227
,,,,227
,,,,227
,,,,227
,,,,227
,,,,227
,,,,227
,,,,227
,,,,227
,,,,227
,,,,227
,,,,227
,,,,227
,,,,227
,,,,227
,,,,227
,,,,227
,,,,227
,,,,227
,,,,227
,,,,227
,,,,227
,,,,227
,,,,227
,,,,227
,,,,227
,,,,227
,,,,227
,,,,227
,,,,227
,,,,227
,,,,227
,,,,227
,,,,227
,,,,227
,,,,227
,,,,227
,,,,227
,,,,227
,,,,227
,,,,227
,,,,227
,,,,227
,,,,227
,,,,227
,,,,227
,,,,227
,,,,227
,,,,227
,,,,227
,,,,227
,,,,227
,,,,227
,,,,227
,,,,227
,,,,227
,,,,227
,,,,227
,,,,227
,,,,227
,,,,227
,,,,227
,,,,227
,,,,227
,,,,227
,,,,227
,,,,227
,,,,227
,,,,227
,,,,228
,,,,228
,,,,228
,,,,228
,,,,228
,,,,228
,,,,228
,,,,228
,,,,228
,,,,228
,,,,228
,,,,228
,,,,228
,,,,228
,,,,228
,,,,228
,,,,228
,,,,228
,,,,228
,,,,228
,,,,228
,,,,228
,,,,228
,,,,228
,,,,228
,,,,228
,,,,228
,,,,228
,,,,228
,,,,228
,,,,228
,,,,228
,,,,228
,,,,228
,,,,228
,,,,228
,,,,228
,,,,228
,,,,228
,,,,228
,,,,228
,,,,228
,,,,228
,,,,228
,,,,228
,,,,228
,,,,228
,,,,228
,,,,228
,,,,228
,,,,228
,,,,228
,,,,228
,,,,228
,,,,228
,,,,228
,,,,228
,,,,228
,,,,228
,,,,228
,,,,228
,,,,228
,,,,228
,,,,228
,,,,228
,,,,228
,,,,228
,,,,228
,,,,228
,,,,228
,,,,228
,,,,228
,,,,228
,,,,228
,,,,228
,,,,228
,,,,228
,,,,228
,,,,228
,,,,228
,,,,228
,,,,228
,,,,228
,,,,228
,,,,228
,,,,228
,,,,228
,,,,228
,,,,228
,,,,228
,,,,228
,,,,228
,,,,228
,,,,228
,,,,228
,,,,228
,,,,228
,,,,228
,,,,228
,,,,228
,,,,228
,,,,228
,,,,228
,,,,228
,,,,228
,,,,228
,,,,228
,,,,228
,,,,228
,,,,228
,,,,228
,,,,228
,,,,228
,,,,228
,,,,229
,,,,229
,,,,229
,,,,229
,,,,229
,,,,229
,,,,229
,,,,229
,,,,229
,,,,229
,,,,229
,,,,229
,,,,229
,,,,229
,,,,229
,,,,229
,,,,229
,,,,229
,,,,229
,,,,229
,,,,229
,,,,229
,,,,229
,,,,229
,,,,229
,,,,229
,,,,229
,,,,229
,,,,229
,,,,229
,,,,229
,,,,229
,,,,229
,,,,229
,,,,229
,,,,229
,,,,229
,,,,229
,,,,229
,,,,229
,,,,229
,,,,229
,,,,229
,,,,229
,,,,229
,,,,229
,,,,229
,,,,229
,,,,229
,,,,229
,,,,229
,,,,229
,,,,229
,,,,229
,,,,229
,,,,229
,,,,229
,,,,229
,,,,229
,,,,229
,,,,229
,,,,229
,,,,229
,,,,229
,,,,229
,,,,229
,,,,229
,,,,229
,,,,229
,,,,229
,,,,229
,,,,229
,,,,229
,,,,229
,,,,229
,,,,229
,,,,229
,,,,229
,,,,229
,,,,229
,,,,229
,,,,229
,,,,229
,,,,229
,,,,229
,,,,229
,,,,229
,,,,229
,,,,229
,,,,229
,,,,229
,,,,229
,,,,229
,,,,229
,,,,229
,,,,229
,,,,229
,,,,229
,,,,229
,,,,229
,,,,229
,,,,229
,,,,229
,,,,229
,,,,229
,,,,229
,,,,229
,,,,229
,,,,229
,,,,229
,,,,229
,,,,229
,,,,229
,,,,229
,,,,229
,,,,229
,,,,229
,,,,229
,,,,229
,,,,229
,,,,229
,,,,230
,,,,230
,,,,230
,,,,230
,,,,230
,,,,230
,,,,230
,,,,230
,,,,230
,,,,230
,,,,230
,,,,230
,,,,230
,,,,230
,,,,230
,,,,230
,,,,230
,,,,230
,,,,230
,,,,230
,,,,230
,,,,230
,,,,230
,,,,230
,,,,230
,,,,230
,,,,230
,,,,230
,,,,230
,,,,230
,,,,230
,,,,230
,,,,230
,,,,230
,,,,230
,,,,230
,,,,230
,,,,230
,,,,230
,,,,230
,,,,230
,,,,230
,,,,230
,,,,230
,,,,230
,,,,230
,,,,230
,,,,230
,,,,230
,,,,230
,,,,230
,,,,230
,,,,230
,,,,230
,,,,230
,,,,230
,,,,230
,,,,230
,,,,230
,,,,230
,,,,230
,,,,230
,,,,230
,,,,230
,,,,230
,,,,230
,,,,230
,,,,230
,,,,230
,,,,230
,,,,230
,,,,230
,,,,230
,,,,230
,,,,230
,,,,230
,,,,230
,,,,230
,,,,230
,,,,230
,,,,230
,,,,230
,,,,230
,,,,230
,,,,230
,,,,230
,,,,230
,,,,230
,,,,230
,,,,230
,,,,230
,,,,230
,,,,230
,,,,230
,,,,230
,,,,230
,,,,230
,,,,230
,,,,230
,,,,230
,,,,230
,,,,230
,,,,230
,,,,230
,,,,230
,,,,230
,,,,230
,,,,230
,,,,230
,,,,230
,,,,230
,,,,230
,,,,230
,,,,230
,,,,230
,,,,230
,,,,230
,,,,230
,,,,230
,,,,230
,,,,230
,,,,230
,,,,230
,,,,230
,,,,230
,,,,230
,,,,230
,,,,230
,,,,230
,,,,230
,,,,230
,,,,230
,,,,230
,,,,230
,,,,230
,,,,230
,,,,230
,,,,230
,,,,230
,,,,230
,,,,230
,,,,230
,,,,230
,,,,230
,,,,231
,,,,231
,,,,231
,,,,231
,,,,231
,,,,231
,,,,231
,,,,231
,,,,231
,,,,231
,,,,231
,,,,231
,,,,231
,,,,231
,,,,231
,,,,231
,,,,231
,,,,231
,,,,231
,,,,231
,,,,231
,,,,231
,,,,231
,,,,231
,,,,231
,,,,231
,,,,231
,,,,231
,,,,231
,,,,231
,,,,231
,,,,231
,,,,231
,,,,231
,,,,231
,,,,231
,,,,231
,,,,231
,,,,231
,,,,231
,,,,231
,,,,231
,,,,231
,,,,231
,,,,231
,,,,231
,,,,231
,,,,231
,,,,231
,,,,231
,,,,231
,,,,231
,,,,231
,,,,231
,,,,231
,,,,231
,,,,231
,,,,231
,,,,231
,,,,231
,,,,231
,,,,231
,,,,231
,,,,231
,,,,231
,,,,231
,,,,231
,,,,231
,,,,231
,,,,231
,,,,231
,,,,231
,,,,231
,,,,231
,,,,231
,,,,231
,,,,231
,,,,231
,,,,231
,,,,231
,,,,231
,,,,231
,,,,231
,,,,231
,,,,231
,,,,231
,,,,231
,,,,231
,,,,231
,,,,231
,,,,231
,,,,231
,,,,231
,,,,231
,,,,231
,,,,231
,,,,231
,,,,231
,,,,231
,,,,231
,,,,231
,,,,231
,,,,231
,,,,231
,,,,231
,,,,231
,,,,231
,,,,231
,,,,231
,,,,231
,,,,231
,,,,231
,,,,231
,,,,231
,,,,231
,,,,231
,,,,231
,,,,231
,,,,231
,,,,231
,,,,231
,,,,231
,,,,231
,,,,231
,,,,231
,,,,231
,,,,231
,,,,231
,,,,231
,,,,231
,,,,231
,,,,231
,,,,231
,,,,231
,,,,231
,,,,231
,,,,231
,,,,231
,,,,231
,,,,231
,,,,231
,,,,232
,,,,232
,,,,232
,,,,232
,,,,232
,,,,232
,,,,232
,,,,232
,,,,232
,,,,232
,,,,232
,,,,232
,,,,232
,,,,232
,,,,232
,,,,232
,,,,232
,,,,232
,,,,232
,,,,232
,,,,232
,,,,232
,,,,232
,,,,232
,,,,232
,,,,232
,,,,232
,,,,232
,,,,232
,,,,232
,,,,232
,,,,232
,,,,232
,,,,232
,,,,232
,,,,232
,,,,232
,,,,232
,,,,232
,,,,232
,,,,232
,,,,232
,,,,232
,,,,232
,,,,232
,,,,232
,,,,232
,,,,232
,,,,232
,,,,232
,,,,232
,,,,232
,,,,232
,,,,232
,,,,232
,,,,232
,,,,232
,,,,232
,,,,232
,,,,232
,,,,232
,,,,232
,,,,232
,,,,232
,,,,232
,,,,232
,,,,232
,,,,232
,,,,232
,,,,232
,,,,232
,,,,232
,,,,232
,,,,232
,,,,232
,,,,232
,,,,232
,,,,232
,,,,232
,,,,232
,,,,232
,,,,232
,,,,232
,,,,232
,,,,232
,,,,232
,,,,232
,,,,232
,,,,232
,,,,232
,,,,232
,,,,232
,,,,232
,,,,232
,,,,232
,,,,232
,,,,232
,,,,232
,,,,232
,,,,232
,,,,232
,,,,232
,,,,232
,,,,232
,,,,232
,,,,232
,,,,232
,,,,232
,,,,232
,,,,232
,,,,232
,,,,232
,,,,232
,,,,232
,,,,232
,,,,232
,,,,232
,,,,232
,,,,232
,,,,232
,,,,232
,,,,232
,,,,232
,,,,232
,,,,232
,,,,232
,,,,232
,,,,232
,,,,232
,,,,232
,,,,232
,,,,232
,,,,232
,,,,232
,,,,232
,,,,232
,,,,232
,,,,232
,,,,232
,,,,232
,,,,232
,,,,232
,,,,232
,,,,232
,,,,232
,,,,232
,,,,232
,,,,232
,,,,232
,,,,232
,,,,232
,,,,232
,,,,232
,,,,233
,,,,233
,,,,233
,,,,233
,,,,233
,,,,233
,,,,233
,,,,233
,,,,233
,,,,233
,,,,233
,,,,233
,,,,233
,,,,233
,,,,233
,,,,233
,,,,233
,,,,233
,,,,233
,,,,233
,,,,233
,,,,233
,,,,233
,,,,233
,,,,233
,,,,233
,,,,233
,,,,233
,,,,233
,,,,233
,,,,233
,,,,233
,,,,233
,,,,233
,,,,233
,,,,233
,,,,233
,,,,233
,,,,233
,,,,233
,,,,233
,,,,233
,,,,233
,,,,233
,,,,233
,,,,233
,,,,233
,,,,233
,,,,233
,,,,233
,,,,233
,,,,233
,,,,233
,,,,233
,,,,233
,,,,233
,,,,233
,,,,233
,,,,233
,,,,233
,,,,233
,,,,233
,,,,233
,,,,233
,,,,233
,,,,233
,,,,233
,,,,233
,,,,233
,,,,233
,,,,233
,,,,233
,,,,233
,,,,233
,,,,233
,,,,233
,,,,233
,,,,233
,,,,233
,,,,233
,,,,233
,,,,233
,,,,233
,,,,233
,,,,233
,,,,233
,,,,233
,,,,233
,,,,233
,,,,233
,,,,233
,,,,233
,,,,233
,,,,233
,,,,233
,,,,233
,,,,233
,,,,233
,,,,233
,,,,233
,,,,233
,,,,233
,,,,233
,,,,233
,,,,233
,,,,233
,,,,233
,,,,233
,,,,233
,,,,233
,,,,233
,,,,233
,,,,233
,,,,233
,,,,233
,,,,233
,,,,233
,,,,233
,,,,233
,,,,233
,,,,233
,,,,233
,,,,233
,,,,233
,,,,233
,,,,233
,,,,233
,,,,233
,,,,233
,,,,233
,,,,233
,,,,233
,,,,233
,,,,233
,,,,233
,,,,233
,,,,233
,,,,233
,,,,233
,,,,233
,,,,233
,,,,233
,,,,233
,,,,233
,,,,233
,,,,233
,,,,233
,,,,233
,,,,233
,,,,233
,,,,233
,,,,233
,,,,233
,,,,233
,,,,233
,,,,233
,,,,233
,,,,233
,,,,233
,,,,233
,,,,233
,,,,233
,,,,233
,,,,233
,,,,233
,,,,233
,,,,233
,,,,233
,,,,233
,,,,233
,,,,233
,,,,233
,,,,233
,,,,233
,,,,233
,,,,233
,,,,233
,,,,233
,,,,233
,,,,233
,,,,233
,,,,233
,,,,233
,,,,233
,,,,233
,,,,233
,,,,233
,,,,233
,,,,233
,,,,233
,,,,233
,,,,233
,,,,233
,,,,233
,,,,233
,,,,233
,,,,233
,,,,233
,,,,233
,,,,233
,,,,233
,,,,233
,,,,233
,,,,233
,,,,233
,,,,233
,,,,233
,,,,233
,,,,233
,,,,233
,,,,233
,,,,233
,,,,233
,,,,233
,,,,233
,,,,233
,,,,233
,,,,233
,,,,233
,,,,233
,,,,234
,,,,234
,,,,234
,,,,234
,,,,234
,,,,234
,,,,234
,,,,234
,,,,234
,,,,234
,,,,234
,,,,234
,,,,234
,,,,234
,,,,234
,,,,234
,,,,234
,,,,234
,,,,234
,,,,234
,,,,234
,,,,234
,,,,234
,,,,234
,,,,234
,,,,234
,,,,234
,,,,234
,,,,234
,,,,234
,,,,234
,,,,234
,,,,234
,,,,234
,,,,234
,,,,234
,,,,234
,,,,234
,,,,234
,,,,234
,,,,234
,,,,234
,,,,234
,,,,234
,,,,234
,,,,234
,,,,234
,,,,234
,,,,234
,,,,234
,,,,234
,,,,234
,,,,234
,,,,234
,,,,234
,,,,234
,,,,234
,,,,234
,,,,234
,,,,234
,,,,234
,,,,234
,,,,234
,,,,234
,,,,234
,,,,234
,,,,234
,,,,234
,,,,234
,,,,234
,,,,234
,,,,234
,,,,234
,,,,234
,,,,234
,,,,234
,,,,234
,,,,234
,,,,234
,,,,234
,,,,234
,,,,234
,,,,234
,,,,234
,,,,234
,,,,234
,,,,234
,,,,234
,,,,234
,,,,234
,,,,234
,,,,234
,,,,234
,,,,234
,,,,234
,,,,234
,,,,234
,,,,234
,,,,234
,,,,234
,,,,234
,,,,234
,,,,234
,,,,234
,,,,234
,,,,234
,,,,234
,,,,234
,,,,234
,,,,234
,,,,234
,,,,234
,,,,234
,,,,234
,,,,234
,,,,234
,,,,234
,,,,234
,,,,234
,,,,234
,,,,234
,,,,234
,,,,234
,,,,234
,,,,234
,,,,234
,,,,234
,,,,234
,,,,234
,,,,234
,,,,234
,,,,234
,,,,234
,,,,234
,,,,234
,,,,234
,,,,234
,,,,234
,,,,234
,,,,234
,,,,234
,,,,234
,,,,234
,,,,234
,,,,234
,,,,234
,,,,234
,,,,234
,,,,234
,,,,234
,,,,234
,,,,234
,,,,234
,,,,234
,,,,234
,,,,234
,,,,234
,,,,234
,,,,234
,,,,234
,,,,234
,,,,234
,,,,234
,,,,234
,,,,234
,,,,234
,,,,234
,,,,234
,,,,234
,,,,234
,,,,234
,,,,234
,,,,234
,,,,234
,,,,234
,,,,234
,,,,234
,,,,234
,,,,234
,,,,234
,,,,234
,,,,234
,,,,234
,,,,234
,,,,234
,,,,234
,,,,234
,,,,234
,,,,234
,,,,234
,,,,234
,,,,234
,,,,234
,,,,234
,,,,234
,,,,234
,,,,234
,,,,234
,,,,234
,,,,234
,,,,234
,,,,234
,,,,234
,,,,234
,,,,234
,,,,234
,,,,234
,,,,234
,,,,234
,,,,234
,,,,234
,,,,234
,,,,234
,,,,234
,,,,234
,,,,234
,,,,234
,,,,234
,,,,234
,,,,234
,,,,234
,,,,234
,,,,235
,,,,235
,,,,235
,,,,235
,,,,235
,,,,235
,,,,235
,,,,235
,,,,235
,,,,235
,,,,235
,,,,235
,,,,235
,,,,235
,,,,235
,,,,235
,,,,235
,,,,235
,,,,235
,,,,235
,,,,235
,,,,235
,,,,235
,,,,235
,,,,235
,,,,235
,,,,235
,,,,235
,,,,235
,,,,235
,,,,235
,,,,235
,,,,235
,,,,235
,,,,235
,,,,235
,,,,235
,,,,235
,,,,235
,,,,235
,,,,235
,,,,235
,,,,235
,,,,235
,,,,235
,,,,235
,,,,235
,,,,235
,,,,235
,,,,235
,,,,235
,,,,235
,,,,235
,,,,235
,,,,235
,,,,235
,,,,235
,,,,235
,,,,235
,,,,235
,,,,235
,,,,235
,,,,235
,,,,235
,,,,235
,,,,235
,,,,235
,,,,235
,,,,235
,,,,235
,,,,235
,,,,235
,,,,235
,,,,235
,,,,235
,,,,235
,,,,235
,,,,235
,,,,235
,,,,235
,,,,235
,,,,235
,,,,235
,,,,235
,,,,235
,,,,235
,,,,235
,,,,235
,,,,235
,,,,235
,,,,235
,,,,235
,,,,235
,,,,235
,,,,235
,,,,235
,,,,235
,,,,235
,,,,235
,,,,235
,,,,235
,,,,235
,,,,235
,,,,235
,,,,235
,,,,235
,,,,235
,,,,235
,,,,235
,,,,235
,,,,235
,,,,235
,,,,235
,,,,235
,,,,235
,,,,235
,,,,235
,,,,235
,,,,235
,,,,235
,,,,235
,,,,235
,,,,235
,,,,235
,,,,235
,,,,235
,,,,235
,,,,235
,,,,235
,,,,235
,,,,235
,,,,235
,,,,235
,,,,235
,,,,235
,,,,235
,,,,235
,,,,235
,,,,235
,,,,235
,,,,235
,,,,235
,,,,235
,,,,235
,,,,235
,,,,235
,,,,235
,,,,235
,,,,235
,,,,235
,,,,235
,,,,235
,,,,235
,,,,235
,,,,235
,,,,235
,,,,235
,,,,235
,,,,235
,,,,235
,,,,235
,,,,235
,,,,235
,,,,235
,,,,235
,,,,235
,,,,235
,,,,235
,,,,235
,,,,235
,,,,235
,,,,235
,,,,235
,,,,235
,,,,235
,,,,235
,,,,235
,,,,235
,,,,235
,,,,235
,,,,235
,,,,235
,,,,235
,,,,235
,,,,235
,,,,235
,,,,235
,,,,235
,,,,235
,,,,235
,,,,235
,,,,235
,,,,235
,,,,235
,,,,235
,,,,235
,,,,235
,,,,235
,,,,235
,,,,235
,,,,235
,,,,235
,,,,235
,,,,235
,,,,235
,,,,235
,,,,235
,,,,235
,,,,235
,,,,235
,,,,235
,,,,235
,,,,235
,,,,236
,,,,236
,,,,236
,,,,236
,,,,236
,,,,236
,,,,236
,,,,236
,,,,236
,,,,236
,,,,236
,,,,236
,,,,236
,,,,236
,,,,236
,,,,236
,,,,236
,,,,236
,,,,236
,,,,236
,,,,236
,,,,236
,,,,236
,,,,236
,,,,236
,,,,236
,,,,236
,,,,236
,,,,236
,,,,236
,,,,236
,,,,236
,,,,236
,,,,236
,,,,236
,,,,236
,,,,236
,,,,236
,,,,236
,,,,236
,,,,236
,,,,236
,,,,236
,,,,236
,,,,236
,,,,236
,,,,236
,,,,236
,,,,236
,,,,236
,,,,236
,,,,236
,,,,236
,,,,236
,,,,236
,,,,236
,,,,236
,,,,236
,,,,236
,,,,236
,,,,236
,,,,236
,,,,236
,,,,236
,,,,236
,,,,236
,,,,236
,,,,236
,,,,236
,,,,236
,,,,236
,,,,236
,,,,236
,,,,236
,,,,236
,,,,236
,,,,236
,,,,236
,,,,236
,,,,236
,,,,236
,,,,236
,,,,236
,,,,236
,,,,236
,,,,236
,,,,236
,,,,236
,,,,236
,,,,236
,,,,236
,,,,236
,,,,236
,,,,236
,,,,236
,,,,236
,,,,236
,,,,236
,,,,236
,,,,236
,,,,236
,,,,236
,,,,236
,,,,236
,,,,236
,,,,236
,,,,236
,,,,236
,,,,236
,,,,236
,,,,236
,,,,236
,,,,236
,,,,236
,,,,236
,,,,236
,,,,236
,,,,236
,,,,236
,,,,236
,,,,236
,,,,236
,,,,236
,,,,236
,,,,236
,,,,236
,,,,236
,,,,236
,,,,236
,,,,236
,,,,236
,,,,236
,,,,236
,,,,236
,,,,236
,,,,236
,,,,236
,,,,236
,,,,236
,,,,236
,,,,236
,,,,236
,,,,236
,,,,236
,,,,236
,,,,236
,,,,236
,,,,236
,,,,236
,,,,236
,,,,236
,,,,236
,,,,236
,,,,236
,,,,236
,,,,236
,,,,236
,,,,236
,,,,236
,,,,236
,,,,236
,,,,236
,,,,236
,,,,236
,,,,236
,,,,236
,,,,236
,,,,236
,,,,236
,,,,236
,,,,236
,,,,236
,,,,236
,,,,236
,,,,236
,,,,236
,,,,236
,,,,236
,,,,236
,,,,236
,,,,236
,,,,236
,,,,236
,,,,236
,,,,236
,,,,236
,,,,236
,,,,236
,,,,236
,,,,236
,,,,236
,,,,236
,,,,236
,,,,236
,,,,236
,,,,236
,,,,236
,,,,236
,,,,236
,,,,236
,,,,236
,,,,236
,,,,236
,,,,236
,,,,236
,,,,236
,,,,236
,,,,236
,,,,236
,,,,236
,,,,236
,,,,236
,,,,236
,,,,236
,,,,237
,,,,237
,,,,237
,,,,237
,,,,237
,,,,237
,,,,237
,,,,237
,,,,237
,,,,237
,,,,237
,,,,237
,,,,237
,,,,237
,,,,237
,,,,237
,,,,237
,,,,237
,,,,237
,,,,237
,,,,237
,,,,237
,,,,237
,,,,237
,,,,237
,,,,237
,,,,237
,,,,237
,,,,237
,,,,237
,,,,237
,,,,237
,,,,237
,,,,237
,,,,237
,,,,237
,,,,237
,,,,237
,,,,237
,,,,237
,,,,237
,,,,237
,,,,237
,,,,237
,,,,237
,,,,237
,,,,237
,,,,237
,,,,237
,,,,237
,,,,237
,,,,237
,,,,237
,,,,237
,,,,237
,,,,237
,,,,237
,,,,237
,,,,237
,,,,237
,,,,237
,,,,237
,,,,237
,,,,237
,,,,237
,,,,237
,,,,237
,,,,237
,,,,237
,,,,237
,,,,237
,,,,237
,,,,237
,,,,237
,,,,237
,,,,237
,,,,237
,,,,237
,,,,237
,,,,237
,,,,237
,,,,237
,,,,237
,,,,237
,,,,237
,,,,237
,,,,237
,,,,237
,,,,237
,,,,237
,,,,237
,,,,237
,,,,237
,,,,237
,,,,237
,,,,237
,,,,237
,,,,237
,,,,237
,,,,237
,,,,237
,,,,237
,,,,237
,,,,237
,,,,237
,,,,237
,,,,237
,,,,237
,,,,237
,,,,237
,,,,237
,,,,237
,,,,237
,,,,237
,,,,237
,,,,237
,,,,237
,,,,237
,,,,237
,,,,237
,,,,237
,,,,237
,,,,237
,,,,237
,,,,237
,,,,237
,,,,237
,,,,237
,,,,237
,,,,237
,,,,237
,,,,237
,,,,237
,,,,237
,,,,237
,,,,237
,,,,237
,,,,237
,,,,237
,,,,237
,,,,237
,,,,237
,,,,237
,,,,237
,,,,237
,,,,237
,,,,237
,,,,237
,,,,237
,,,,237
,,,,237
,,,,237
,,,,237
,,,,237
,,,,237
,,,,237
,,,,237
,,,,237
,,,,237
,,,,237
,,,,237
,,,,237
,,,,237
,,,,237
,,,,237
,,,,237
,,,,237
,,,,237
,,,,237
,,,,237
,,,,237
,,,,237
,,,,237
,,,,237
,,,,237
,,,,237
,,,,237
,,,,237
,,,,237
,,,,237
,,,,237
,,,,237
,,,,237
,,,,237
,,,,237
,,,,237
,,,,237
,,,,237
,,,,237
,,,,237
,,,,237
,,,,237
,,,,237
,,,,237
,,,,237
,,,,237
,,,,237
,,,,237
,,,,237
,,,,237
,,,,237
,,,,237
,,,,237
,,,,237
,,,,237
,,,,237
,,,,237
,,,,237
,,,,237
,,,,237
,,,,237
,,,,238
,,,,238
,,,,238
,,,,238
,,,,238
,,,,238
,,,,238
,,,,238
,,,,238
,,,,238
,,,,238
,,,,238
,,,,238
,,,,238
,,,,238
,,,,238
,,,,238
,,,,238
,,,,238
,,,,238
,,,,238
,,,,238
,,,,238
,,,,238
,,,,238
,,,,238
,,,,238
,,,,238
,,,,238
,,,,238
,,,,238
,,,,238
,,,,238
,,,,238
,,,,238
,,,,238
,,,,238
,,,,238
,,,,238
,,,,238
,,,,238
,,,,238
,,,,238
,,,,238
,,,,238
,,,,238
,,,,238
,,,,238
,,,,238
,,,,238
,,,,238
,,,,238
,,,,238
,,,,238
,,,,238
,,,,238
,,,,238
,,,,238
,,,,238
,,,,238
,,,,238
,,,,238
,,,,238
,,,,238
,,,,238
,,,,238
,,,,238
,,,,238
,,,,238
,,,,238
,,,,238
,,,,238
,,,,238
,,,,238
,,,,238
,,,,238
,,,,238
,,,,238
,,,,238
,,,,238
,,,,238
,,,,238
,,,,238
,,,,238
,,,,238
,,,,238
,,,,238
,,,,238
,,,,238
,,,,238
,,,,238
,,,,238
,,,,238
,,,,238
,,,,238
,,,,238
,,,,238
,,,,238
,,,,238
,,,,238
,,,,238
,,,,238
,,,,238
,,,,238
,,,,238
,,,,238
,,,,238
,,,,238
,,,,238
,,,,238
,,,,238
,,,,238
,,,,238
,,,,238
,,,,238
,,,,238
,,,,238
,,,,238
,,,,238
,,,,238
,,,,238
,,,,238
,,,,238
,,,,238
,,,,238
,,,,238
,,,,238
,,,,238
,,,,238
,,,,238
,,,,238
,,,,238
,,,,238
,,,,238
,,,,238
,,,,238
,,,,238
,,,,238
,,,,238
,,,,238
,,,,238
,,,,238
,,,,238
,,,,238
,,,,238
,,,,238
,,,,239
,,,,239
,,,,239
,,,,239
,,,,239
,,,,239
,,,,239
,,,,239
,,,,239
,,,,239
,,,,239
,,,,239
,,,,239
,,,,239
,,,,239
,,,,239
,,,,239
,,,,239
,,,,239
,,,,239
,,,,239
,,,,239
,,,,239
,,,,239
,,,,239
,,,,239
,,,,239
,,,,239
,,,,239
,,,,239
,,,,239
,,,,239
,,,,239
,,,,239
,,,,239
,,,,239
,,,,239
,,,,239
,,,,239
,,,,239
,,,,239
,,,,239
,,,,239
,,,,239
,,,,239
,,,,239
,,,,239
,,,,239
,,,,239
,,,,239
,,,,239
,,,,239
,,,,239
,,,,239
,,,,239
,,,,239
,,,,239
,,,,239
,,,,239
,,,,239
,,,,239
,,,,239
,,,,239
,,,,239
,,,,239
,,,,239
,,,,239
,,,,239
,,,,239
,,,,239
,,,,239
,,,,239
,,,,239
,,,,239
,,,,239
,,,,239
,,,,239
,,,,239
,,,,239
,,,,239
,,,,239
,,,,239
,,,,239
,,,,239
,,,,239
,,,,239
,,,,239
,,,,239
,,,,239
,,,,239
,,,,239
,,,,239
,,,,239
,,,,239
,,,,239
,,,,239
,,,,239
,,,,239
,,,,239
,,,,239
,,,,239
,,,,239
,,,,239
,,,,239
,,,,239
,,,,239
,,,,239
,,,,239
,,,,239
,,,,239
,,,,239
,,,,239
,,,,239
,,,,239
,,,,239
,,,,239
,,,,239
,,,,239
,,,,239
,,,,239
,,,,239
,,,,239
,,,,239
,,,,239
,,,,239
,,,,239
,,,,239
,,,,239
,,,,239
,,,,239
,,,,239
,,,,239
,,,,239
,,,,239
,,,,239
,,,,239
,,,,239
,,,,239
,,,,239
,,,,239
,,,,239
,,,,239
,,,,239
,,,,239
,,,,239
,,,,239
,,,,239
,,,,239
,,,,239
,,,,239
,,,,239
,,,,239
,,,,239
,,,,239
,,,,239
,,,,239
,,,,239
,,,,239
,,,,239
,,,,239
,,,,239
,,,,239
,,,,239
,,,,239
,,,,239
,,,,239
,,,,239
,,,,239
,,,,239
,,,,239
,,,,240
,,,,240
,,,,240
,,,,240
,,,,240
,,,,240
,,,,240
,,,,240
,,,,240
,,,,240
,,,,240
,,,,240
,,,,240
,,,,240
,,,,240
,,,,240
,,,,240
,,,,240
,,,,240
,,,,240
,,,,240
,,,,240
,,,,240
,,,,240
,,,,240
,,,,240
,,,,240
,,,,240
,,,,240
,,,,240
,,,,240
,,,,240
,,,,240
,,,,240
,,,,240
,,,,240
,,,,240
,,,,240
,,,,240
,,,,240
,,,,240
,,,,240
,,,,240
,,,,240
,,,,240
,,,,240
,,,,240
,,,,240
,,,,240
,,,,240
,,,,240
,,,,240
,,,,240
,,,,240
,,,,240
,,,,240
,,,,240
,,,,240
,,,,240
,,,,240
,,,,240
,,,,240
,,,,240
,,,,240
,,,,240
,,,,240
,,,,240
,,,,240
,,,,240
,,,,240
,,,,240
,,,,240
,,,,240
,,,,240
,,,,240
,,,,240
,,,,240
,,,,240
,,,,240
,,,,240
,,,,240
,,,,240
,,,,240
,,,,240
,,,,240
,,,,240
,,,,240
,,,,240
,,,,240
,,,,240
,,,,240
,,,,240
,,,,240
,,,,240
,,,,240
,,,,240
,,,,240
,,,,240
,,,,240
,,,,240
,,,,240
,,,,240
,,,,240
,,,,240
,,,,240
,,,,240
,,,,241
,,,,241
,,,,241
,,,,241
,,,,241
,,,,241
,,,,241
,,,,241
,,,,241
,,,,241
,,,,241
,,,,241
,,,,241
,,,,241
,,,,241
,,,,241
,,,,241
,,,,241
,,,,241
,,,,241
,,,,241
,,,,241
,,,,241
,,,,241
,,,,241
,,,,241
,,,,241
,,,,241
,,,,241
,,,,241
,,,,241
,,,,241
,,,,241
,,,,241
,,,,241
,,,,241
,,,,241
,,,,241
,,,,241
,,,,241
,,,,241
,,,,241
,,,,241
,,,,241
,,,,241
,,,,241
,,,,241
,,,,241
,,,,241
,,,,241
,,,,241
,,,,241
,,,,241
,,,,241
,,,,241
,,,,241
,,,,241
,,,,241
,,,,241
,,,,241
,,,,241
,,,,241
,,,,241
,,,,241
,,,,241
,,,,241
,,,,241
,,,,241
,,,,241
,,,,241
,,,,241
,,,,242
,,,,242
,,,,242
,,,,242
,,,,242
,,,,242
,,,,242
,,,,242
,,,,242
,,,,242
,,,,242
,,,,242
,,,,242
,,,,242
,,,,242
,,,,242
,,,,242
,,,,242
,,,,242
,,,,242
,,,,242
,,,,242
,,,,242
,,,,242
,,,,242
,,,,242
,,,,242
,,,,242
,,,,242
,,,,242
,,,,242
,,,,242
,,,,242
,,,,242
,,,,242
,,,,242
,,,,242
,,,,242
,,,,242
,,,,242
,,,,242
,,,,242
,,,,242
,,,,242
,,,,242
,,,,242
,,,,242
,,,,243
,,,,243
,,,,243
,,,,243
,,,,243
,,,,243
,,,,243
,,,,243
,,,,243
,,,,243
,,,,243
,,,,243
,,,,243
,,,,243
,,,,243
,,,,243
,,,,243
,,,,243
,,,,243
,,,,243
,,,,243
,,,,243
,,,,243
,,,,243
,,,,243
,,,,243
,,,,243
,,,,243
,,,,243
,,,,243
,,,,243
,,,,243
,,,,244
,,,,244
,,,,244
,,,,244
,,,,244
,,,,244
,,,,244
,,,,244
,,,,244
,,,,244
,,,,244
,,,,244
,,,,244
,,,,244
,,,,244
,,,,244
,,,,244
,,,,244
,,,,244
,,,,244
,,,,244
,,,,245
,,,,245
,,,,245
,,,,245
,,,,245
,,,,245
,,,,245
,,,,245
,,,,245
,,,,245
,,,,245
,,,,245
,,,,245
,,,,245
,,,,245
,,,,245
,,,,245
,,,,245
,,,,245
,,,,246
,,,,246
,,,,246
,,,,246
,,,,246
,,,,246
,,,,246
,,,,246
,,,,246
,,,,246
,,,,246
,,,,246
,,,,246
,,,,246
,,,,246
,,,,246
,,,,246
,,,,246
,,,,246
,,,,246
,,,,246
,,,,246
,,,,246
,,,,247
,,,,247
,,,,247
,,,,247
,,,,247
,,,,247
,,,,247
,,,,247
,,,,247
,,,,247
,,,,247
,,,,247
,,,,247
,,,,247
,,,,247
,,,,247
,,,,247
,,,,247
,,,,247
,,,,247
,,,,247
,,,,248
,,,,248
,,,,248
,,,,248
,,,,248
,,,,248
,,,,248
,,,,248
,,,,248
,,,,249
,,,,249
,,,,249
,,,,249
,,,,249
,,,,249
,,,,249
,,,,249
,,,,249
,,,,249
,,,,249
,,,,250
,,,,250
,,,,250
,,,,250
,,,,250
,,,,250
,,,,250
,,,,250
,,,,250
,,,,250
,,,,250
,,,,250
,,,,251
,,,,251
,,,,251
,,,,251
,,,,251
,,,,251
,,,,251
,,,,251
,,,,252
,,,,252
,,,,252
,,,,252
,,,,252
,,,,252
,,,,252
,,,,252
,,,,252
,,,,253
,,,,253
,,,,253
,,,,253
,,,,253
,,,,253
,,,,253
,,,,253
,,,,253
,,,,253
,,,,253
,,,,253
,,,,253
,,,,253
,,,,254
,,,,254
,,,,254
,,,,254
,,,,255
,,,,255
,,,,256
,,,,256
,,,,256
,,,,256
,,,,256
,,,,256
,,,,256
,,,,257
,,,,257
,,,,257
,,,,257
,,,,258
,,,,258
,,,,258
,,,,258
,,,,258
,,,,258
,,,,258
,,,,259
,,,,259
,,,,259
,,,,259
,,,,259
,,,,260
,,,,260
,,,,260
,,,,260
,,,,261
,,,,261
,,,,261
,,,,261
,,,,261
,,,,261
,,,,262
,,,,262
,,,,262
,,,,262
,,,,262
,,,,262
,,,,263
,,,,263
,,,,263
,,,,263
,,,,263
,,,,263
,,,,263
,,,,263
,,,,264
,,,,264
,,,,264
,,,,264
,,,,264
,,,,264
,,,,265
,,,,265
,,,,265
,,,,265
,,,,266
,,,,266
,,,,266
,,,,266
,,,,266
,,,,266
,,,,266
,,,,267
,,,,267
,,,,267
,,,,267
,,,,267
,,,,267
,,,,267
,,,,268
,,,,268
,,,,268
,,,,268
,,,,268
,,,,269
,,,,269
,,,,269
,,,,269
,,,,269
,,,,269
,,,,269
,,,,270
,,,,270
,,,,270
,,,,270
,,,,270
,,,,271
,,,,271
,,,,271
,,,,272
,,,,272
,,,,272
,,,,272
,,,,272
,,,,272
,,,,273
,,,,273
,,,,273
,,,,273
,,,,273
,,,,273
,,,,274
,,,,274
,,,,274
,,,,274
,,,,274
,,,,275
,,,,275
,,,,275
,,,,275
,,,,276
,,,,276
,,,,276
,,,,277
,,,,277
,,,,277
,,,,277
,,,,277
,,,,277
,,,,277
,,,,277
,,,,278
,,,,278
,,,,278
,,,,278
,,,,278
,,,,278
,,,,278
,,,,278
,,,,278
,,,,278
,,,,279
,,,,279
,,,,279
,,,,279
,,,,279
,,,,279
,,,,279
,,,,279
,,,,279
,,,,279
,,,,279
,,,,279
,,,,279
,,,,279
,,,,279
,,,,280
,,,,280
,,,,280
,,,,280
,,,,280
,,,,280
,,,,280
,,,,280
,,,,281
,,,,281
,,,,281
,,,,281
,,,,281
,,,,282
,,,,282
,,,,282
,,,,282
,,,,282
,,,,283
,,,,283
,,,,283
,,,,283
,,,,283
,,,,284
,,,,284
,,,,284
,,,,284
,,,,284
,,,,284
,,,,285
,,,,285
,,,,285
,,,,285
,,,,286
,,,,286
,,,,286
,,,,286
,,,,286
,,,,286
,,,,286
,,,,287
,,,,287
,,,,287
,,,,287
,,,,287
,,,,287
,,,,288
,,,,288
,,,,288
,,,,288
,,,,288
,,,,288
,,,,289
,,,,289
,,,,289
,,,,289
,,,,290
,,,,290
,,,,290
,,,,290
,,,,290
,,,,290
,,,,290
,,,,291
,,,,291
,,,,291
,,,,291
,,,,292
,,,,292
,,,,292
,,,,292
,,,,292
,,,,293
,,,,293
,,,,293
,,,,293
,,,,293
,,,,294
,,,,294
,,,,294
,,,,294
,,,,295
,,,,295
,,,,295
,,,,295
,,,,296
,,,,296
,,,,296
,,,,296
,,,,296
,,,,296
,,,,296
,,,,296
,,,,296
,,,,296
,,,,296
,,,,296
,,,,297
,,,,297
,,,,297
,,,,297
,,,,297
,,,,297
,,,,297
,,,,298
,,,,298
,,,,298
,,,,298
,,,,298
,,,,298
,,,,298
,,,,298
,,,,298
,,,,299
,,,,299
,,,,299
,,,,299
,,,,299
,,,,299
,,,,299
,,,,299
,,,,299
,,,,299
,,,,299
,,,,299
,,,,299
,,,,299
,,,,299
,,,,300
,,,,300
,,,,300
,,,,300
,,,,300
,,,,300
,,,,300
,,,,300
,,,,301
,,,,301
,,,,301
,,,,301
,,,,301
,,,,301
,,,,301
,,,,301
,,,,301
,,,,301
,,,,301
,,,,301
,,,,301
,,,,301
,,,,301
,,,,301
,,,,301
,,,,302
,,,,302
,,,,302
,,,,302
,,,,302
,,,,302
,,,,302
,,,,302
,,,,302
,,,,302
,,,,302
,,,,302
,,,,302
,,,,302
,,,,302
,,,,303
,,,,303
,,,,303
,,,,303
,,,,303
,,,,303
,,,,303
,,,,303
,,,,303
,,,,303
,,,,303
,,,,303
,,,,304
,,,,304
,,,,304
,,,,304
,,,,304
,,,,304
,,,,304
,,,,304
,,,,304
,,,,304
,,,,304
,,,,304
,,,,304
,,,,304
,,,,304
,,,,304
,,,,304
,,,,304
,,,,304
,,,,304
,,,,304
,,,,304
,,,,305
,,,,305
,,,,305
,,,,305
,,,,305
,,,,305
,,,,305
,,,,305
,,,,305
,,,,305
,,,,305
,,,,305
,,,,305
,,,,305
,,,,305
,,,,305
,,,,306
,,,,306
,,,,306
,,,,306
,,,,306
,,,,306
,,,,306
,,,,306
,,,,306
,,,,306
,,,,306
,,,,306
,,,,306
,,,,306
,,,,306
,,,,307
,,,,307
,,,,307
,,,,307
,,,,307
,,,,307
,,,,307
,,,,307
,,,,307
,,,,307
,,,,307
,,,,307
,,,,307
,,,,307
,,,,307
,,,,307
,,,,308
,,,,308
,,,,308
,,,,308
,,,,308
,,,,308
,,,,308
,,,,308
,,,,308
,,,,308
,,,,308
,,,,308
,,,,308
,,,,308
,,,,309
,,,,309
,,,,309
,,,,309
,,,,309
,,,,309
,,,,309
,,,,309
,,,,309
,,,,309
,,,,309
,,,,309
,,,,309
,,,,309
,,,,309
,,,,309
,,,,309
,,,,309
,,,,309
,,,,309
,,,,309
,,,,309
,,,,309
,,,,309
,,,,309
,,,,310
,,,,310
,,,,310
,,,,310
,,,,310
,,,,310
,,,,310
,,,,310
,,,,310
,,,,310
,,,,310
,,,,310
,,,,310
,,,,310
,,,,310
,,,,310
,,,,310
,,,,311
,,,,311
,,,,311
,,,,311
,,,,311
,,,,311
,,,,311
,,,,311
,,,,311
,,,,311
,,,,311
,,,,311
,,,,311
,,,,311
,,,,311
,,,,311
,,,,311
,,,,311
,,,,311
,,,,311
,,,,311
,,,,312
,,,,312
,,,,312
,,,,312
,,,,312
,,,,312
,,,,312
,,,,312
,,,,312
,,,,312
,,,,312
,,,,312
,,,,312
,,,,312
,,,,312
,,,,312
,,,,312
,,,,312
,,,,312
,,,,312
,,,,312
,,,,312
,,,,312
,,,,312
,,,,312
,,,,312
,,,,313
,,,,313
,,,,313
,,,,313
,,,,313
,,,,313
,,,,313
,,,,313
,,,,313
,,,,313
,,,,313
,,,,313
,,,,313
,,,,313
,,,,313
,,,,313
,,,,313
,,,,313
,,,,313
,,,,313
,,,,313
,,,,314
,,,,314
,,,,314
,,,,314
,,,,314
,,,,314
,,,,314
,,,,314
,,,,314
,,,,314
,,,,314
,,,,314
,,,,314
,,,,314
,,,,314
,,,,314
,,,,314
,,,,314
,,,,314
,,,,314
,,,,314
,,,,314
,,,,314
,,,,314
,,,,314
,,,,314
,,,,315
,,,,315
,,,,315
,,,,315
,,,,315
,,,,315
,,,,315
,,,,315
,,,,315
,,,,315
,,,,315
,,,,315
,,,,315
,,,,315
,,,,315
,,,,315
,,,,315
,,,,315
,,,,315
,,,,315
,,,,315
,,,,315
,,,,315
,,,,315
,,,,315
,,,,315
,,,,315
,,,,315
,,,,315
,,,,315
,,,,316
,,,,316
,,,,316
,,,,316
,,,,316
,,,,316
,,,,316
,,,,316
,,,,316
,,,,316
,,,,316
,,,,316
,,,,316
,,,,316
,,,,316
,,,,316
,,,,316
,,,,316
,,,,316
,,,,316
,,,,316
,,,,316
,,,,316
,,,,316
,,,,316
,,,,316
,,,,316
,,,,316
,,,,316
,,,,316
,,,,316
,,,,316
,,,,317
,,,,317
,,,,317
,,,,317
,,,,317
,,,,317
,,,,317
,,,,317
,,,,317
,,,,317
,,,,317
,,,,317
,,,,317
,,,,317
,,,,317
,,,,317
,,,,317
,,,,317
,,,,317
,,,,317
,,,,317
,,,,317
,,,,317
,,,,317
,,,,317
,,,,318
,,,,318
,,,,318
,,,,318
,,,,318
,,,,318
,,,,318
,,,,318
,,,,318
,,,,318
,,,,318
,,,,318
,,,,318
,,,,318
,,,,318
,,,,318
,,,,318
,,,,318
,,,,318
,,,,318
,,,,318
,,,,318
,,,,318
,,,,318
,,,,318
,,,,318
,,,,318
,,,,318
,,,,318
,,,,319
,,,,319
,,,,319
,,,,319
,,,,319
,,,,319
,,,,319
,,,,319
,,,,319
,,,,319
,,,,319
,,,,319
,,,,319
,,,,319
,,,,319
,,,,319
,,,,319
,,,,319
,,,,319
,,,,319
,,,,319
,,,,319
,,,,319
,,,,319
,,,,319
,,,,319
,,,,319
,,,,319
,,,,319
,,,,319
,,,,319
,,,,319
,,,,319
,,,,319
,,,,320
,,,,320
,,,,320
,,,,320
,,,,320
,,,,320
,,,,320
,,,,320
,,,,320
,,,,320
,,,,320
,,,,320
,,,,320
,,,,320
,,,,320
,,,,320
,,,,320
,,,,320
,,,,320
,,,,320
,,,,320
,,,,320
,,,,320
,,,,320
,,,,320
,,,,320
,,,,320
,,,,320
,,,,320
,,,,320
,,,,321
,,,,321
,,,,321
,,,,321
,,,,321
,,,,321
,,,,321
,,,,321
,,,,321
,,,,321
,,,,321
,,,,321
,,,,321
,,,,321
,,,,321
,,,,321
,,,,321
,,,,321
,,,,321
,,,,321
,,,,321
,,,,321
,,,,321
,,,,321
,,,,321
,,,,321
,,,,321
,,,,322
,,,,322
,,,,322
,,,,322
,,,,322
,,,,322
,,,,322
,,,,322
,,,,322
,,,,322
,,,,322
,,,,322
,,,,322
,,,,322
,,,,322
,,,,322
,,,,322
,,,,322
,,,,322
,,,,322
,,,,322
,,,,322
,,,,322
,,,,322
,,,,322
,,,,322
,,,,322
,,,,322
,,,,322
,,,,322
,,,,322
,,,,323
,,,,323
,,,,323
,,,,323
,,,,323
,,,,323
,,,,323
,,,,323
,,,,323
,,,,323
,,,,323
,,,,323
,,,,323
,,,,323
,,,,323
,,,,323
,,,,323
,,,,323
,,,,323
,,,,323
,,,,323
,,,,323
,,,,323
,,,,323
,,,,323
,,,,323
,,,,323
,,,,323
,,,,323
,,,,323
,,,,323
,,,,323
,,,,323
,,,,323
,,,,323
,,,,323
,,,,323
,,,,323
,,,,323
,,,,323
,,,,324
,,,,324
,,,,324
,,,,324
,,,,324
,,,,324
,,,,324
,,,,324
,,,,324
,,,,324
,,,,324
,,,,324
,,,,324
,,,,324
,,,,324
,,,,324
,,,,324
,,,,324
,,,,324
,,,,324
,,,,324
,,,,324
,,,,324
,,,,324
,,,,324
,,,,324
,,,,324
,,,,324
,,,,324
,,,,324
,,,,325
,,,,325
,,,,325
,,,,325
,,,,325
,,,,325
,,,,325
,,,,325
,,,,325
,,,,325
,,,,325
,,,,325
,,,,325
,,,,325
,,,,325
,,,,325
,,,,325
,,,,325
,,,,325
,,,,325
,,,,325
,,,,325
,,,,325
,,,,325
,,,,325
,,,,325
,,,,325
,,,,325
,,,,325
,,,,325
,,,,325
,,,,325
,,,,325
,,,,325
,,,,325
,,,,325
,,,,325
,,,,326
,,,,326
,,,,326
,,,,326
,,,,326
,,,,326
,,,,326
,,,,326
,,,,326
,,,,326
,,,,326
,,,,326
,,,,326
,,,,326
,,,,326
,,,,326
,,,,326
,,,,326
,,,,326
,,,,326
,,,,326
,,,,326
,,,,326
,,,,326
,,,,326
,,,,326
,,,,326
,,,,326
,,,,326
,,,,326
,,,,326
,,,,327
,,,,327
,,,,327
,,,,327
,,,,327
,,,,327
,,,,327
,,,,327
,,,,327
,,,,327
,,,,327
,,,,327
,,,,327
,,,,327
,,,,327
,,,,327
,,,,327
,,,,327
,,,,327
,,,,327
,,,,327
,,,,327
,,,,327
,,,,327
,,,,327
,,,,327
,,,,328
,,,,328
,,,,328
,,,,328
,,,,328
,,,,328
,,,,328
,,,,328
,,,,328
,,,,328
,,,,328
,,,,328
,,,,328
,,,,328
,,,,328
,,,,328
,,,,328
,,,,328
,,,,328
,,,,328
,,,,328
,,,,328
,,,,328
,,,,328
,,,,328
,,,,329
,,,,329
,,,,329
,,,,329
,,,,329
,,,,329
,,,,329
,,,,329
,,,,329
,,,,329
,,,,329
,,,,329
,,,,329
,,,,329
,,,,329
,,,,329
,,,,329
,,,,329
,,,,329
,,,,329
,,,,329
,,,,329
,,,,329
,,,,329
,,,,329
,,,,329
,,,,329
,,,,329
,,,,329
,,,,329
,,,,330
,,,,330
,,,,330
,,,,330
,,,,330
,,,,330
,,,,330
,,,,330
,,,,330
,,,,330
,,,,330
,,,,330
,,,,330
,,,,330
,,,,330
,,,,330
,,,,330
,,,,330
,,,,330
,,,,330
,,,,330
,,,,330
,,,,330
,,,,330
,,,,330
,,,,331
,,,,331
,,,,331
,,,,331
,,,,331
,,,,331
,,,,331
,,,,331
,,,,331
,,,,331
,,,,331
,,,,331
,,,,331
,,,,331
,,,,331
,,,,331
,,,,331
,,,,331
,,,,331
,,,,331
,,,,331
,,,,331
,,,,331
,,,,331
,,,,332
,,,,332
,,,,332
,,,,332
,,,,332
,,,,332
,,,,332
,,,,332
,,,,332
,,,,332
,,,,332
,,,,332
,,,,332
,,,,332
,,,,332
,,,,332
,,,,332
,,,,332
,,,,332
,,,,332
,,,,332
,,,,332
,,,,332
,,,,333
,,,,333
,,,,333
,,,,333
,,,,333
,,,,333
,,,,333
,,,,333
,,,,333
,,,,333
,,,,333
,,,,333
,,,,333
,,,,333
,,,,333
,,,,333
,,,,333
,,,,333
,,,,334
,,,,334
,,,,334
,,,,334
,,,,334
,,,,334
,,,,334
,,,,334
,,,,334
,,,,334
,,,,334
,,,,334
,,,,334
,,,,334
,,,,334
,,,,334
,,,,334
,,,,334
,,,,334
,,,,334
,,,,334
,,,,335
,,,,335
,,,,335
,,,,335
,,,,335
,,,,335
,,,,335
,,,,335
,,,,335
,,,,335
,,,,335
,,,,335
,,,,335
,,,,335
,,,,335
,,,,335
,,,,335
,,,,335
,,,,335
,,,,335
,,,,335
,,,,335
,,,,335
,,,,336
,,,,336
,,,,336
,,,,336
,,,,336
,,,,336
,,,,336
,,,,336
,,,,336
,,,,336
,,,,336
,,,,336
,,,,336
,,,,336
,,,,336
,,,,336
,,,,336
,,,,336
,,,,336
,,,,336
,,,,336
,,,,336
,,,,336
,,,,336
,,,,337
,,,,337
,,,,337
,,,,337
,,,,337
,,,,337
,,,,337
,,,,337
,,,,337
,,,,337
,,,,337
,,,,337
,,,,337
,,,,337
,,,,337
,,,,337
,,,,337
,,,,337
,,,,337
,,,,337
,,,,337
,,,,337
,,,,337
,,,,337
,,,,337
,,,,337
,,,,337
,,,,338
,,,,338
,,,,338
,,,,338
,,,,338
,,,,338
,,,,338
,,,,338
,,,,338
,,,,338
,,,,338
,,,,338
,,,,338
,,,,338
,,,,338
,,,,338
,,,,338
,,,,338
,,,,338
,,,,338
,,,,338
,,,,338
,,,,338
,,,,338
,,,,338
,,,,338
,,,,338
,,,,338
,,,,338
,,,,338
,,,,338
,,,,338
,,,,338
,,,,338
,,,,339
,,,,339
,,,,339
,,,,339
,,,,339
,,,,339
,,,,339
,,,,339
,,,,339
,,,,339
,,,,339
,,,,339
,,,,339
,,,,339
,,,,339
,,,,339
,,,,339
,,,,339
,,,,339
,,,,339
,,,,339
,,,,339
,,,,339
,,,,339
,,,,339
,,,,339
,,,,339
,,,,339
,,,,339
,,,,339
,,,,339
,,,,340
,,,,340
,,,,340
,,,,340
,,,,340
,,,,340
,,,,340
,,,,340
,,,,340
,,,,340
,,,,340
,,,,340
,,,,340
,,,,340
,,,,340
,,,,340
,,,,340
,,,,340
,,,,340
,,,,340
,,,,340
,,,,340
,,,,340
,,,,340
,,,,340
,,,,340
,,,,340
,,,,340
,,,,340
,,,,340
,,,,340
,,,,340
,,,,341
,,,,341
,,,,341
,,,,341
,,,,341
,,,,341
,,,,341
,,,,341
,,,,341
,,,,341
,,,,341
,,,,341
,,,,341
,,,,341
,,,,341
,,,,341
,,,,341
,,,,341
,,,,341
,,,,341
,,,,341
,,,,341
,,,,341
,,,,341
,,,,341
,,,,341
,,,,341
,,,,341
,,,,341
,,,,341
,,,,341
,,,,341
,,,,341
,,,,341
,,,,341
,,,,341
,,,,341
,,,,341
,,,,341
,,,,341
,,,,341
,,,,341
,,,,342
,,,,342
,,,,342
,,,,342
,,,,342
,,,,342
,,,,342
,,,,342
,,,,342
,,,,342
,,,,342
,,,,342
,,,,342
,,,,342
,,,,342
,,,,342
,,,,342
,,,,342
,,,,342
,,,,342
,,,,342
,,,,342
,,,,342
,,,,342
,,,,342
,,,,342
,,,,342
,,,,342
,,,,342
,,,,342
,,,,342
,,,,342
,,,,342
,,,,342
,,,,342
,,,,342
,,,,342
,,,,342
,,,,342
,,,,342
,,,,343
,,,,343
,,,,343
,,,,343
,,,,343
,,,,343
,,,,343
,,,,343
,,,,343
,,,,343
,,,,343
,,,,343
,,,,343
,,,,343
,,,,343
,,,,343
,,,,343
,,,,343
,,,,343
,,,,343
,,,,343
,,,,343
,,,,343
,,,,343
,,,,343
,,,,343
,,,,343
,,,,343
,,,,343
,,,,343
,,,,343
,,,,343
,,,,343
,,,,343
,,,,343
,,,,343
,,,,343
,,,,343
,,,,343
,,,,343
,,,,343
,,,,343
,,,,343
,,,,344
,,,,344
,,,,344
,,,,344
,,,,344
,,,,344
,,,,344
,,,,344
,,,,344
,,,,344
,,,,344
,,,,344
,,,,344
,,,,344
,,,,344
,,,,344
,,,,344
,,,,344
,,,,344
,,,,344
,,,,344
,,,,344
,,,,344
,,,,344
,,,,344
,,,,344
,,,,344
,,,,344
,,,,344
,,,,344
,,,,344
,,,,344
,,,,344
,,,,344
,,,,344
,,,,344
,,,,344
,,,,344
,,,,344
,,,,344
,,,,344
,,,,344
,,,,344
,,,,344
,,,,344
,,,,345
,,,,345
,,,,345
,,,,345
,,,,345
,,,,345
,,,,345
,,,,345
,,,,345
,,,,345
,,,,345
,,,,345
,,,,345
,,,,345
,,,,345
,,,,345
,,,,345
,,,,345
,,,,345
,,,,345
,,,,345
,,,,345
,,,,345
,,,,345
,,,,345
,,,,345
,,,,345
,,,,345
,,,,345
,,,,345
,,,,345
,,,,345
,,,,345
,,,,345
,,,,345
,,,,345
,,,,345
,,,,345
,,,,345
,,,,345
,,,,345
,,,,345
,,,,345
,,,,345
,,,,345
,,,,345
,,,,345
,,,,345
,,,,345
,,,,345
,,,,345
,,,,345
,,,,345
,,,,345
,,,,345
,,,,345
,,,,345
,,,,345
,,,,345
,,,,345
,,,,345
,,,,345
,,,,346
,,,,346
,,,,346
,,,,346
,,,,346
,,,,346
,,,,346
,,,,346
,,,,346
,,,,346
,,,,346
,,,,346
,,,,346
,,,,346
,,,,346
,,,,346
,,,,346
,,,,346
,,,,346
,,,,346
,,,,346
,,,,346
,,,,346
,,,,346
,,,,346
,,,,346
,,,,346
,,,,346
,,,,346
,,,,346
,,,,346
,,,,346
,,,,346
,,,,346
,,,,346
,,,,346
,,,,346
,,,,346
,,,,346
,,,,346
,,,,346
,,,,346
,,,,346
,,,,346
,,,,347
,,,,347
,,,,347
,,,,347
,,,,347
,,,,347
,,,,347
,,,,347
,,,,347
,,,,347
,,,,347
,,,,347
,,,,347
,,,,347
,,,,347
,,,,347
,,,,347
,,,,347
,,,,347
,,,,347
,,,,347
,,,,347
,,,,347
,,,,347
,,,,347
,,,,347
,,,,347
,,,,347
,,,,347
,,,,347
,,,,347
,,,,347
,,,,347
,,,,347
,,,,347
,,,,347
,,,,347
,,,,347
,,,,347
,,,,347
,,,,347
,,,,347
,,,,347
,,,,347
,,,,347
,,,,347
,,,,347
,,,,347
,,,,347
,,,,347
,,,,348
,,,,348
,,,,348
,,,,348
,,,,348
,,,,348
,,,,348
,,,,348
,,,,348
,,,,348
,,,,348
,,,,348
,,,,348
,,,,348
,,,,348
,,,,348
,,,,348
,,,,348
,,,,348
,,,,348
,,,,348
,,,,348
,,,,348
,,,,348
,,,,348
,,,,348
,,,,348
,,,,348
,,,,348
,,,,348
,,,,348
,,,,348
,,,,348
,,,,348
,,,,348
,,,,348
,,,,348
,,,,348
,,,,348
,,,,348
,,,,348
,,,,348
,,,,348
,,,,348
,,,,348
,,,,348
,,,,348
,,,,348
,,,,348
,,,,348
,,,,348
,,,,348
,,,,349
,,,,349
,,,,349
,,,,349
,,,,349
,,,,349
,,,,349
,,,,349
,,,,349
,,,,349
,,,,349
,,,,349
,,,,349
,,,,349
,,,,349
,,,,349
,,,,349
,,,,349
,,,,349
,,,,349
,,,,349
,,,,349
,,,,349
,,,,349
,,,,349
,,,,349
,,,,349
,,,,349
,,,,349
,,,,349
,,,,349
,,,,349
,,,,349
,,,,349
,,,,349
,,,,349
,,,,349
,,,,349
,,,,349
,,,,349
,,,,349
,,,,349
,,,,349
,,,,349
,,,,349
,,,,349
,,,,349
,,,,349
,,,,349
,,,,349
,,,,349
,,,,349
,,,,349
,,,,350
,,,,350
,,,,350
,,,,350
,,,,350
,,,,350
,,,,350
,,,,350
,,,,350
,,,,350
,,,,350
,,,,350
,,,,350
,,,,350
,,,,350
,,,,350
,,,,350
,,,,350
,,,,350
,,,,350
,,,,350
,,,,350
,,,,350
,,,,350
,,,,350
,,,,350
,,,,350
,,,,350
,,,,350
,,,,350
,,,,350
,,,,350
,,,,350
,,,,350
,,,,350
,,,,350
,,,,350
,,,,351
,,,,351
,,,,351
,,,,351
,,,,351
,,,,351
,,,,351
,,,,351
,,,,351
,,,,351
,,,,351
,,,,351
,,,,351
,,,,351
,,,,351
,,,,351
,,,,351
,,,,351
,,,,351
,,,,351
,,,,351
,,,,351
,,,,351
,,,,351
,,,,351
,,,,351
,,,,351
,,,,351
,,,,351
,,,,351
,,,,351
,,,,351
,,,,351
,,,,351
,,,,351
,,,,351
,,,,351
,,,,351
,,,,351
,,,,351
,,,,352
,,,,352
,,,,352
,,,,352
,,,,352
,,,,352
,,,,352
,,,,352
,,,,352
,,,,352
,,,,352
,,,,352
,,,,352
,,,,352
,,,,352
,,,,352
,,,,352
,,,,352
,,,,352
,,,,352
,,,,352
,,,,352
,,,,352
,,,,352
,,,,352
,,,,352
,,,,352
,,,,352
,,,,352
,,,,352
,,,,352
,,,,352
,,,,352
,,,,352
,,,,352
,,,,352
,,,,352
,,,,352
,,,,352
,,,,352
,,,,352
,,,,352
,,,,352
,,,,352
,,,,352
,,,,352
,,,,352
,,,,352
,,,,352
,,,,353
,,,,353
,,,,353
,,,,353
,,,,353
,,,,353
,,,,353
,,,,353
,,,,353
,,,,353
,,,,353
,,,,353
,,,,353
,,,,353
,,,,353
,,,,353
,,,,353
,,,,353
,,,,353
,,,,353
,,,,353
,,,,353
,,,,353
,,,,353
,,,,353
,,,,353
,,,,353
,,,,353
,,,,353
,,,,353
,,,,353
,,,,353
,,,,353
,,,,353
,,,,353
,,,,353
,,,,353
,,,,353
,,,,353
,,,,353
,,,,353
,,,,353
,,,,353
,,,,353
,,,,353
,,,,353
,,,,353
,,,,353
,,,,354
,,,,354
,,,,354
,,,,354
,,,,354
,,,,354
,,,,354
,,,,354
,,,,354
,,,,354
,,,,354
,,,,354
,,,,354
,,,,354
,,,,354
,,,,354
,,,,354
,,,,354
,,,,354
,,,,354
,,,,354
,,,,354
,,,,354
,,,,354
,,,,354
,,,,354
,,,,354
,,,,354
,,,,354
,,,,354
,,,,354
,,,,354
,,,,354
,,,,354
,,,,354
,,,,354
,,,,354
,,,,354
,,,,354
,,,,354
,,,,354
,,,,354
,,,,354
,,,,354
,,,,354
,,,,354
,,,,354
,,,,354
,,,,354
,,,,354
,,,,354
,,,,354
,,,,354
,,,,354
,,,,354
,,,,354
,,,,354
,,,,355
,,,,355
,,,,355
,,,,355
,,,,355
,,,,355
,,,,355
,,,,355
,,,,355
,,,,355
,,,,355
,,,,355
,,,,355
,,,,355
,,,,355
,,,,355
,,,,355
,,,,355
,,,,355
,,,,355
,,,,355
,,,,355
,,,,355
,,,,355
,,,,355
,,,,355
,,,,355
,,,,355
,,,,355
,,,,355
,,,,355
,,,,355
,,,,355
,,,,355
,,,,355
,,,,355
,,,,355
,,,,355
,,,,355
,,,,355
,,,,355
,,,,355
,,,,355
,,,,355
,,,,355
,,,,355
,,,,355
,,,,355
,,,,355
,,,,355
,,,,356
,,,,356
,,,,356
,,,,356
,,,,356
,,,,356
,,,,356
,,,,356
,,,,356
,,,,356
,,,,356
,,,,356
,,,,356
,,,,356
,,,,356
,,,,356
,,,,356
,,,,356
,,,,356
,,,,356
,,,,356
,,,,356
,,,,356
,,,,356
,,,,356
,,,,356
,,,,356
,,,,356
,,,,356
,,,,356
,,,,356
,,,,356
,,,,356
,,,,356
,,,,356
,,,,356
,,,,356
,,,,356
,,,,356
,,,,356
,,,,356
,,,,356
,,,,356
,,,,356
,,,,357
,,,,357
,,,,357
,,,,357
,,,,357
,,,,357
,,,,357
,,,,357
,,,,357
,,,,357
,,,,357
,,,,357
,,,,357
,,,,357
,,,,357
,,,,357
,,,,357
,,,,357
,,,,357
,,,,357
,,,,357
,,,,357
,,,,357
,,,,357
,,,,357
,,,,357
,,,,357
,,,,357
,,,,357
,,,,357
,,,,357
,,,,357
,,,,357
,,,,357
,,,,357
,,,,357
,,,,357
,,,,357
,,,,357
,,,,358
,,,,358
,,,,358
,,,,358
,,,,358
,,,,358
,,,,358
,,,,358
,,,,358
,,,,358
,,,,358
,,,,358
,,,,358
,,,,358
,,,,358
,,,,358
,,,,358
,,,,358
,,,,358
,,,,358
,,,,358
,,,,358
,,,,358
,,,,358
,,,,358
,,,,358
,,,,358
,,,,358
,,,,358
,,,,358
,,,,358
,,,,358
,,,,358
,,,,358
,,,,358
,,,,358
,,,,358
,,,,358
,,,,358
,,,,358
,,,,358
,,,,358
,,,,358
,,,,358
,,,,358
,,,,358
,,,,358
,,,,358
,,,,358
,,,,358
,,,,358
,,,,358
,,,,359
,,,,359
,,,,359
,,,,359
,,,,359
,,,,359
,,,,359
,,,,359
,,,,359
,,,,359
,,,,359
,,,,359
,,,,359
,,,,359
,,,,359
,,,,359
,,,,359
,,,,359
,,,,359
,,,,359
,,,,359
,,,,359
,,,,359
,,,,359
,,,,359
,,,,359
,,,,359
,,,,359
,,,,359
,,,,359
,,,,359
,,,,359
,,,,359
,,,,359
,,,,360
,,,,360
,,,,360
,,,,360
,,,,360
,,,,360
,,,,360
,,,,360
,,,,360
,,,,360
,,,,360
,,,,360
,,,,360
,,,,360
,,,,360
,,,,360
,,,,360
,,,,360
,,,,360
,,,,360
,,,,360
,,,,360
,,,,360
,,,,360
,,,,361
,,,,361
,,,,361
,,,,361
,,,,361
,,,,361
,,,,361
,,,,361
,,,,361
,,,,361
,,,,361
,,,,361
,,,,361
,,,,361
,,,,361
,,,,361
,,,,361
,,,,361
,,,,361
,,,,361
,,,,361
,,,,361
,,,,362
,,,,362
,,,,362
,,,,362
,,,,362
,,,,362
,,,,362
,,,,362
,,,,362
,,,,362
,,,,362
,,,,362
,,,,362
,,,,362
,,,,362
,,,,362
,,,,363
,,,,363
,,,,363
,,,,363
,,,,363
,,,,363
,,,,363
,,,,363
,,,,363
,,,,363
,,,,363
,,,,363
,,,,364
,,,,364
,,,,364
,,,,364
,,,,364
,,,,364
,,,,366
,,,,366
,,,,366
,,,,366
,,,,366
,,,,367
,,,,368
,,,,368
,,,,368
,,,,368
,,,,369
,,,,369
,,,,369
,,,,369
,,,,370
,,,,371
,,,,371
,,,,377
,,,,385
,,,,418
,,,,
,,,,
,,,,
,,,,
,,,,
